TES,zawina morocco,morocco travel restrictions,mamounia hotel marrakech,is morocco safe,marrakech morocco,agadir morocco,marrakech hotels,morocco travel requirements,morocco trips,morocco weather,places in morocco,rabat morocco,best marrakech hotels,marrakech weather,savoy le grand hotel marrakech,agadir weather,le riad marrakech,riad marrakech pas cher,riad marrakech medina,visit morocco,morocco travel from uk,best places in morocco,morocco holidays,best time to visit morocco,morocco visa,marrakech weather in march,riad marrakech,casablanca weather,tangier morocco,morocco tour,flights to morocco,fes morocco,agadir hotels,ogx argan oil of morocco,chefchaouen morocco,agadir weather may,morocco weather in march,flight to morocco,blue city morocco,morocco country,argan oil morocco,morocco visa for indians,morocco time,agadir weather february,things to do in morocco,morocco visa requirements,casablanca hotel,morocco weather february,marrakech weather february,london to morocco,cheap flights to morocco,casablanca airport,morocco language,morocco map,hotel marrakech,air morocco,riad fes morocco,tangier flights,where is morocco,riad fes maroc,morocco travel,morocco travel advice,flights uk to morocco,kings league morocco,5 star marrakech hotels,morocco,brazil vs morocco,1 week morocco itinerary,morocco earthquake 2023,earthquake in morocco,morocco vs,france morocco,morocco vs france,marrakech weather december,usa vs morocco,rayan morocco,morocco world cup,argentina vs morocco,morocco earthquake death toll,morocco vs portugal,morocco portugal,spain morocco
444408.0,0.0,0.0,43.0,9.0,72.0,70.0,63.0,5.0,73.0,42.0,34.0,65.0,19.0,78.0,0.0,63.0,69.0,44.0,12.0,22.0,0.0,27.0,52.0,23.0,28.0,63.0,18.0,52.0,44.0,49.0,77.0,82.0,47.0,0.0,20.0,0.0,69.0,22.0,0.0,5.0,0.0,0.0,17.0,44.0,36.0,63.0,97.0,54.0,67.0,52.0,70.0,55.0,7.0,26.0,76.0,39.0,0.0,39.0,8.0,14.0,69.0,17.0,42.0,0.0,34.0,5.0,0.0,0.0,0.0,0.0,0.0,0.0,0.0,0.0,0.0,0.0,0.0,0.0,0.0,0.0,0.0,1.0
494208.0,0.0,23.0,43.0,16.0,18.0,15.0,60.0,40.0,22.0,9.0,35.0,31.0,38.0,13.0,0.0,14.0,16.0,28.0,16.0,26.0,16.0,29.0,11.0,24.0,30.0,0.0,21.0,51.0,39.0,35.0,24.0,26.0,50.0,0.0,20.0,0.0,6.0,24.0,0.0,4.0,6.0,0.0,26.0,23.0,40.0,19.0,84.0,40.0,3.0,19.0,67.0,45.0,7.0,11.0,24.0,21.0,0.0,49.0,10.0,0.0,68.0,15.0,75.0,0.0,0.0,5.0,0.0,0.0,0.0,0.0,3.0,0.0,0.0,0.0,2.0,0.0,0.0,0.0,0.0,0.0,1.0,1.0
624848.0,0.0,100.0,60.0,13.0,27.0,28.0,69.0,23.0,32.0,26.0,37.0,43.0,29.0,30.0,0.0,26.0,24.0,35.0,59.0,26.0,70.0,22.0,30.0,10.0,28.0,29.0,64.0,41.0,36.0,36.0,50.0,29.0,58.0,0.0,18.0,32.0,38.0,23.0,0.0,5.0,9.0,0.0,29.0,35.0,43.0,44.0,71.0,48.0,31.0,38.0,65.0,51.0,6.0,14.0,27.0,29.0,37.0,47.0,11.0,0.0,64.0,23.0,31.0,0.0,19.0,5.0,1.0,0.0,0.0,0.0,1.0,1.0,1.0,0.0,3.0,0.0,1.0,1.0,0.0,1.0,1.0,2.0
327017.0,0.0,9.0,34.0,24.0,70.0,81.0,52.0,10.0,65.0,48.0,43.0,77.0,35.0,71.0,0.0,68.0,68.0,21.0,61.0,28.0,18.0,31.0,59.0,19.0,27.0,58.0,63.0,44.0,45.0,50.0,90.0,75.0,41.0,0.0,17.0,36.0,80.0,25.0,9.0,6.0,15.0,15.0,31.0,52.0,39.0,96.0,67.0,53.0,66.0,80.0,51.0,50.0,7.0,22.0,75.0,53.0,23.0,45.0,13.0,31.0,59.0,37.0,30.0,0.0,32.0,5.0,0.0,0.0,0.0,0.0,5.0,0.0,0.0,6.0,1.0,0.0,1.0,0.0,0.0,0.0,1.0,2.0
382407.0,0.0,0.0,37.0,22.0,73.0,84.0,50.0,10.0,79.0,50.0,48.0,75.0,49.0,78.0,0.0,84.0,65.0,19.0,75.0,32.0,20.0,40.0,57.0,32.0,32.0,66.0,69.0,55.0,46.0,40.0,85.0,63.0,34.0,10.0,30.0,39.0,96.0,27.0,14.0,6.0,26.0,0.0,5.0,43.0,51.0,82.0,71.0,47.0,66.0,67.0,53.0,45.0,6.0,23.0,67.0,52.0,34.0,33.0,13.0,29.0,58.0,37.0,26.0,0.0,35.0,5.0,0.0,0.0,0.0,0.0,0.0,0.0,0.0,7.0,6.0,0.0,0.0,0.0,0.0,0.0,0.0,2.0
339974.0,0.0,0.0,46.0,25.0,85.0,100.0,57.0,0.0,100.0,59.0,51.0,83.0,52.0,100.0,0.0,100.0,69.0,21.0,100.0,36.0,23.0,42.0,56.0,33.0,34.0,100.0,100.0,47.0,47.0,42.0,100.0,81.0,42.0,14.0,34.0,39.0,100.0,29.0,33.0,7.0,41.0,0.0,6.0,35.0,56.0,79.0,60.0,38.0,100.0,90.0,57.0,49.0,7.0,24.0,68.0,57.0,0.0,44.0,14.0,28.0,66.0,22.0,21.0,0.0,44.0,5.0,0.0,0.0,0.0,0.0,0.0,0.0,0.0,4.0,0.0,0.0,0.0,0.0,0.0,0.0,0.0,1.0
340481.0,0.0,0.0,56.0,46.0,54.0,87.0,64.0,0.0,62.0,40.0,50.0,63.0,45.0,71.0,39.0,73.0,93.0,23.0,58.0,35.0,0.0,42.0,85.0,32.0,34.0,43.0,66.0,39.0,57.0,61.0,85.0,42.0,45.0,19.0,42.0,22.0,46.0,32.0,31.0,6.0,52.0,0.0,6.0,32.0,59.0,77.0,60.0,51.0,14.0,47.0,59.0,60.0,7.0,38.0,97.0,69.0,74.0,48.0,12.0,100.0,75.0,18.0,23.0,0.0,49.0,5.0,0.0,0.0,0.0,1.0,0.0,0.0,0.0,4.0,0.0,0.0,0.0,0.0,0.0,0.0,0.0,1.0
395875.0,0.0,0.0,49.0,50.0,47.0,56.0,57.0,0.0,43.0,30.0,65.0,57.0,59.0,56.0,29.0,47.0,60.0,14.0,44.0,47.0,0.0,53.0,49.0,49.0,40.0,32.0,62.0,50.0,52.0,63.0,54.0,58.0,38.0,33.0,69.0,36.0,38.0,41.0,68.0,8.0,55.0,0.0,7.0,61.0,72.0,55.0,58.0,74.0,14.0,34.0,44.0,68.0,9.0,36.0,65.0,52.0,40.0,62.0,14.0,39.0,67.0,5.0,21.0,0.0,43.0,6.0,0.0,0.0,0.0,0.0,0.0,0.0,0.0,8.0,0.0,0.0,0.0,0.0,0.0,0.0,0.0,1.0
369286.0,0.0,0.0,19.0,53.0,50.0,57.0,25.0,0.0,40.0,33.0,79.0,56.0,71.0,62.0,38.0,47.0,63.0,4.0,39.0,59.0,0.0,69.0,52.0,73.0,47.0,55.0,53.0,69.0,77.0,59.0,60.0,48.0,18.0,30.0,81.0,56.0,56.0,52.0,99.0,9.0,65.0,11.0,8.0,59.0,89.0,63.0,64.0,57.0,17.0,40.0,12.0,58.0,16.0,27.0,66.0,43.0,49.0,67.0,19.0,40.0,33.0,12.0,34.0,0.0,31.0,6.0,0.0,0.0,0.0,0.0,0.0,0.0,0.0,6.0,0.0,0.0,0.0,0.0,0.0,0.0,0.0,1.0
349581.0,0.0,0.0,20.0,57.0,57.0,56.0,27.0,0.0,52.0,29.0,68.0,57.0,79.0,64.0,42.0,44.0,61.0,0.0,64.0,58.0,0.0,63.0,47.0,70.0,48.0,61.0,66.0,64.0,63.0,35.0,56.0,54.0,21.0,64.0,85.0,53.0,59.0,50.0,96.0,8.0,59.0,22.0,9.0,0.0,83.0,36.0,58.0,4.0,12.0,41.0,18.0,25.0,11.0,24.0,64.0,41.0,41.0,37.0,15.0,32.0,89.0,12.0,22.0,0.0,36.0,6.0,0.0,38.0,0.0,0.0,0.0,0.0,0.0,0.0,0.0,0.0,0.0,0.0,0.0,0.0,0.0,1.0
403694.0,0.0,0.0,47.0,15.0,58.0,64.0,52.0,0.0,61.0,33.0,20.0,69.0,21.0,77.0,8.0,50.0,72.0,12.0,56.0,19.0,10.0,13.0,57.0,23.0,15.0,63.0,51.0,50.0,28.0,32.0,60.0,71.0,36.0,54.0,17.0,0.0,56.0,19.0,33.0,7.0,100.0,10.0,10.0,29.0,15.0,64.0,30.0,41.0,20.0,40.0,38.0,24.0,9.0,26.0,85.0,43.0,37.0,34.0,12.0,55.0,70.0,17.0,19.0,0.0,44.0,4.0,0.0,50.0,0.0,0.0,0.0,0.0,0.0,3.0,0.0,0.0,0.0,0.0,0.0,0.0,0.0,1.0
481441.0,0.0,0.0,49.0,33.0,58.0,59.0,43.0,0.0,56.0,32.0,50.0,67.0,42.0,72.0,9.0,41.0,58.0,8.0,40.0,40.0,7.0,44.0,48.0,40.0,27.0,54.0,46.0,38.0,31.0,70.0,53.0,65.0,36.0,50.0,22.0,27.0,48.0,37.0,39.0,13.0,77.0,20.0,11.0,58.0,39.0,43.0,37.0,76.0,20.0,39.0,35.0,59.0,14.0,24.0,71.0,35.0,38.0,74.0,17.0,38.0,67.0,15.0,45.0,0.0,40.0,7.0,0.0,0.0,0.0,0.0,0.0,0.0,0.0,10.0,0.0,0.0,0.0,0.0,0.0,0.0,0.0,1.0
518846.0,0.0,0.0,48.0,67.0,60.0,54.0,56.0,6.0,54.0,28.0,97.0,71.0,79.0,66.0,36.0,44.0,51.0,11.0,49.0,88.0,0.0,100.0,38.0,95.0,71.0,51.0,42.0,76.0,68.0,73.0,57.0,67.0,48.0,39.0,79.0,57.0,50.0,77.0,83.0,18.0,84.0,55.0,17.0,60.0,97.0,59.0,52.0,79.0,12.0,43.0,37.0,68.0,18.0,26.0,69.0,33.0,41.0,75.0,22.0,20.0,93.0,0.0,45.0,0.0,26.0,8.0,0.0,0.0,0.0,0.0,0.0,0.0,0.0,12.0,0.0,0.0,0.0,0.0,0.0,0.0,0.0,1.0
32686.0,65.0,0.0,100.0,87.0,72.0,60.0,95.0,0.0,71.0,30.0,86.0,74.0,72.0,75.0,69.0,47.0,61.0,100.0,62.0,85.0,0.0,80.0,44.0,100.0,78.0,49.0,61.0,77.0,77.0,94.0,65.0,68.0,72.0,57.0,68.0,64.0,50.0,81.0,76.0,17.0,82.0,76.0,17.0,100.0,77.0,55.0,49.0,100.0,16.0,48.0,99.0,85.0,20.0,26.0,69.0,38.0,57.0,97.0,23.0,24.0,74.0,90.0,35.0,100.0,29.0,12.0,0.0,0.0,3.0,2.0,0.0,0.0,0.0,16.0,0.0,0.0,0.0,0.0,0.0,0.0,0.0,1.0
120051.0,0.0,0.0,52.0,100.0,76.0,72.0,59.0,5.0,71.0,42.0,100.0,76.0,100.0,90.0,77.0,77.0,72.0,45.0,52.0,100.0,0.0,92.0,44.0,100.0,100.0,78.0,60.0,80.0,81.0,43.0,77.0,86.0,54.0,0.0,68.0,94.0,74.0,100.0,83.0,17.0,80.0,100.0,12.0,20.0,89.0,71.0,48.0,28.0,26.0,58.0,64.0,57.0,16.0,29.0,84.0,45.0,43.0,45.0,25.0,40.0,95.0,9.0,44.0,0.0,26.0,8.0,0.0,0.0,1.0,1.0,0.0,0.0,0.0,0.0,0.0,0.0,0.0,0.0,0.0,0.0,0.0,1.0
541643.0,0.0,0.0,48.0,8.0,70.0,61.0,54.0,6.0,73.0,33.0,35.0,65.0,24.0,73.0,0.0,54.0,70.0,48.0,12.0,23.0,6.0,20.0,43.0,0.0,30.0,54.0,15.0,52.0,45.0,41.0,73.0,82.0,49.0,0.0,14.0,0.0,55.0,22.0,0.0,5.0,0.0,0.0,19.0,0.0,29.0,52.0,97.0,17.0,15.0,50.0,62.0,64.0,6.0,25.0,83.0,42.0,0.0,37.0,9.0,38.0,62.0,16.0,47.0,0.0,42.0,5.0,0.0,0.0,0.0,0.0,0.0,0.0,0.0,0.0,0.0,0.0,0.0,0.0,0.0,0.0,0.0,1.0
642733.0,0.0,25.0,41.0,39.0,16.0,13.0,50.0,64.0,21.0,9.0,26.0,31.0,24.0,12.0,0.0,12.0,15.0,33.0,26.0,19.0,13.0,14.0,9.0,17.0,27.0,0.0,33.0,41.0,44.0,32.0,23.0,21.0,44.0,0.0,19.0,0.0,5.0,19.0,0.0,6.0,0.0,0.0,28.0,15.0,33.0,18.0,77.0,16.0,2.0,17.0,61.0,52.0,6.0,10.0,25.0,19.0,17.0,40.0,11.0,0.0,54.0,13.0,29.0,0.0,18.0,5.0,0.0,0.0,0.0,0.0,0.0,0.0,0.0,0.0,0.0,0.0,0.0,0.0,0.0,0.0,1.0,1.0
761377.0,0.0,93.0,46.0,8.0,48.0,42.0,62.0,17.0,46.0,29.0,30.0,42.0,24.0,44.0,0.0,39.0,45.0,39.0,58.0,22.0,85.0,25.0,31.0,13.0,25.0,43.0,56.0,44.0,38.0,38.0,62.0,47.0,46.0,0.0,19.0,0.0,57.0,20.0,0.0,4.0,7.0,0.0,26.0,13.0,34.0,56.0,69.0,14.0,9.0,47.0,62.0,44.0,8.0,18.0,57.0,42.0,43.0,23.0,10.0,15.0,63.0,19.0,30.0,0.0,41.0,5.0,2.0,0.0,0.0,0.0,1.0,1.0,0.0,0.0,2.0,100.0,1.0,1.0,0.0,0.0,1.0,2.0
437338.0,0.0,6.0,42.0,20.0,62.0,65.0,50.0,9.0,58.0,38.0,33.0,79.0,38.0,72.0,0.0,76.0,65.0,21.0,59.0,24.0,12.0,20.0,43.0,21.0,26.0,51.0,66.0,43.0,39.0,41.0,79.0,80.0,37.0,0.0,19.0,32.0,65.0,21.0,7.0,6.0,14.0,0.0,37.0,18.0,42.0,84.0,64.0,20.0,17.0,66.0,50.0,48.0,7.0,23.0,68.0,48.0,27.0,38.0,10.0,34.0,51.0,26.0,22.0,0.0,32.0,4.0,0.0,0.0,0.0,0.0,0.0,0.0,0.0,0.0,1.0,0.0,0.0,0.0,0.0,0.0,0.0,2.0
407232.0,0.0,0.0,42.0,19.0,71.0,75.0,50.0,6.0,67.0,37.0,42.0,78.0,44.0,70.0,0.0,67.0,72.0,24.0,71.0,27.0,13.0,35.0,41.0,25.0,32.0,55.0,64.0,52.0,49.0,40.0,77.0,73.0,35.0,11.0,30.0,34.0,71.0,26.0,11.0,6.0,31.0,0.0,6.0,11.0,43.0,78.0,66.0,17.0,19.0,64.0,46.0,46.0,7.0,22.0,73.0,47.0,34.0,30.0,12.0,25.0,51.0,25.0,30.0,0.0,31.0,4.0,0.0,0.0,0.0,0.0,0.0,0.0,0.0,3.0,1.0,0.0,0.0,0.0,0.0,0.0,0.0,2.0
406796.0,0.0,0.0,34.0,29.0,84.0,90.0,47.0,0.0,85.0,48.0,48.0,85.0,35.0,92.0,0.0,94.0,69.0,15.0,96.0,26.0,20.0,32.0,42.0,22.0,30.0,73.0,94.0,46.0,50.0,44.0,86.0,78.0,32.0,21.0,42.0,26.0,81.0,28.0,28.0,7.0,40.0,0.0,6.0,8.0,53.0,79.0,58.0,11.0,24.0,72.0,47.0,45.0,7.0,23.0,68.0,53.0,47.0,46.0,13.0,29.0,60.0,13.0,23.0,0.0,42.0,4.0,0.0,0.0,0.0,0.0,0.0,0.0,0.0,4.0,0.0,0.0,0.0,0.0,0.0,0.0,0.0,1.0
455991.0,0.0,0.0,60.0,36.0,53.0,84.0,52.0,0.0,59.0,34.0,47.0,67.0,51.0,65.0,38.0,57.0,100.0,15.0,60.0,29.0,0.0,33.0,74.0,19.0,35.0,16.0,57.0,43.0,58.0,54.0,78.0,56.0,36.0,28.0,61.0,32.0,19.0,28.0,37.0,7.0,54.0,0.0,7.0,11.0,58.0,80.0,57.0,15.0,0.0,49.0,54.0,59.0,8.0,37.0,100.0,69.0,28.0,70.0,12.0,84.0,63.0,12.0,28.0,0.0,72.0,5.0,0.0,0.0,0.0,0.0,0.0,0.0,0.0,4.0,0.0,0.0,0.0,0.0,0.0,0.0,0.0,1.0
471088.0,0.0,0.0,45.0,45.0,39.0,50.0,57.0,0.0,44.0,26.0,58.0,57.0,44.0,54.0,35.0,46.0,53.0,14.0,50.0,41.0,0.0,51.0,39.0,32.0,41.0,20.0,52.0,54.0,55.0,64.0,52.0,45.0,33.0,24.0,53.0,47.0,24.0,35.0,62.0,9.0,55.0,0.0,8.0,24.0,68.0,44.0,60.0,22.0,0.0,42.0,44.0,61.0,8.0,32.0,75.0,43.0,0.0,73.0,12.0,52.0,60.0,5.0,25.0,0.0,27.0,5.0,0.0,0.0,0.0,0.0,0.0,0.0,0.0,7.0,0.0,0.0,0.0,0.0,0.0,0.0,0.0,1.0
451461.0,0.0,0.0,16.0,40.0,50.0,56.0,21.0,0.0,44.0,26.0,71.0,65.0,62.0,51.0,37.0,35.0,52.0,0.0,50.0,48.0,0.0,68.0,49.0,46.0,45.0,15.0,58.0,70.0,74.0,65.0,58.0,54.0,16.0,34.0,85.0,54.0,25.0,44.0,89.0,9.0,67.0,17.0,10.0,22.0,80.0,36.0,65.0,19.0,0.0,40.0,13.0,59.0,11.0,25.0,68.0,46.0,36.0,57.0,16.0,48.0,33.0,16.0,26.0,0.0,27.0,6.0,0.0,0.0,0.0,0.0,0.0,0.0,0.0,5.0,0.0,0.0,0.0,0.0,0.0,0.0,0.0,1.0
441745.0,11.0,0.0,69.0,46.0,58.0,65.0,40.0,0.0,63.0,31.0,66.0,66.0,66.0,77.0,47.0,50.0,57.0,8.0,56.0,60.0,8.0,56.0,47.0,47.0,46.0,30.0,51.0,56.0,61.0,30.0,58.0,67.0,26.0,52.0,84.0,34.0,36.0,45.0,99.0,9.0,64.0,24.0,11.0,0.0,77.0,49.0,55.0,3.0,0.0,41.0,25.0,23.0,11.0,23.0,84.0,47.0,53.0,32.0,14.0,60.0,100.0,12.0,25.0,0.0,33.0,6.0,0.0,0.0,0.0,0.0,0.0,0.0,0.0,0.0,0.0,0.0,0.0,0.0,0.0,0.0,0.0,1.0
476096.0,0.0,0.0,73.0,16.0,59.0,61.0,39.0,5.0,58.0,26.0,21.0,70.0,14.0,67.0,10.0,42.0,62.0,10.0,50.0,18.0,0.0,15.0,45.0,17.0,14.0,14.0,47.0,42.0,26.0,46.0,56.0,68.0,30.0,54.0,18.0,0.0,20.0,18.0,26.0,8.0,83.0,9.0,12.0,8.0,14.0,56.0,31.0,12.0,0.0,44.0,34.0,41.0,10.0,25.0,81.0,40.0,39.0,41.0,10.0,48.0,64.0,14.0,17.0,0.0,30.0,4.0,0.0,0.0,0.0,0.0,0.0,0.0,0.0,3.0,0.0,0.0,0.0,0.0,0.0,0.0,0.0,1.0
625284.0,0.0,0.0,49.0,47.0,61.0,65.0,42.0,0.0,54.0,30.0,51.0,77.0,52.0,76.0,23.0,50.0,49.0,12.0,39.0,52.0,0.0,43.0,45.0,54.0,38.0,28.0,43.0,51.0,40.0,75.0,55.0,67.0,34.0,39.0,53.0,36.0,23.0,46.0,48.0,13.0,75.0,18.0,14.0,15.0,60.0,52.0,44.0,24.0,0.0,41.0,31.0,64.0,15.0,26.0,77.0,35.0,41.0,72.0,23.0,19.0,61.0,17.0,47.0,0.0,41.0,7.0,0.0,0.0,0.0,0.0,0.0,0.0,0.0,6.0,0.0,0.0,0.0,0.0,0.0,0.0,0.0,1.0
598406.0,0.0,0.0,36.0,54.0,58.0,48.0,45.0,0.0,46.0,26.0,76.0,74.0,70.0,61.0,38.0,34.0,36.0,9.0,50.0,72.0,0.0,73.0,35.0,81.0,66.0,22.0,48.0,87.0,69.0,70.0,58.0,64.0,37.0,44.0,71.0,41.0,24.0,67.0,76.0,17.0,83.0,42.0,17.0,14.0,81.0,60.0,50.0,21.0,0.0,46.0,30.0,70.0,17.0,24.0,68.0,33.0,41.0,70.0,21.0,25.0,73.0,0.0,33.0,0.0,21.0,7.0,0.0,0.0,0.0,1.0,0.0,0.0,0.0,9.0,0.0,0.0,0.0,0.0,0.0,0.0,0.0,1.0
36989.0,86.0,0.0,92.0,80.0,73.0,52.0,90.0,6.0,81.0,30.0,83.0,77.0,66.0,64.0,95.0,43.0,50.0,92.0,70.0,75.0,6.0,78.0,38.0,77.0,74.0,24.0,63.0,85.0,75.0,100.0,71.0,76.0,79.0,58.0,67.0,79.0,22.0,74.0,75.0,17.0,71.0,80.0,19.0,32.0,79.0,56.0,49.0,33.0,4.0,49.0,99.0,79.0,18.0,26.0,75.0,41.0,54.0,89.0,23.0,31.0,66.0,50.0,32.0,0.0,26.0,8.0,0.0,0.0,2.0,1.0,0.0,0.0,0.0,9.0,0.0,0.0,0.0,0.0,0.0,0.0,0.0,1.0
241920.0,0.0,0.0,45.0,90.0,79.0,68.0,58.0,8.0,75.0,36.0,88.0,75.0,74.0,84.0,70.0,62.0,63.0,37.0,55.0,83.0,7.0,89.0,44.0,89.0,87.0,35.0,64.0,77.0,86.0,48.0,77.0,100.0,45.0,0.0,72.0,72.0,34.0,87.0,77.0,17.0,76.0,88.0,13.0,0.0,80.0,63.0,47.0,0.0,4.0,58.0,62.0,64.0,17.0,31.0,87.0,50.0,42.0,48.0,23.0,45.0,69.0,8.0,31.0,0.0,22.0,8.0,1.0,0.0,1.0,2.0,0.0,0.0,0.0,0.0,1.0,0.0,0.0,5.0,0.0,0.0,0.0,1.0
597667.0,0.0,0.0,50.0,6.0,69.0,60.0,52.0,6.0,73.0,33.0,36.0,66.0,23.0,72.0,0.0,46.0,72.0,34.0,11.0,23.0,6.0,22.0,42.0,23.0,30.0,25.0,16.0,45.0,48.0,34.0,69.0,85.0,39.0,0.0,23.0,53.0,22.0,22.0,0.0,5.0,5.0,0.0,26.0,0.0,39.0,53.0,97.0,0.0,3.0,45.0,69.0,45.0,6.0,26.0,89.0,43.0,0.0,34.0,8.0,29.0,58.0,11.0,42.0,0.0,37.0,5.0,0.0,0.0,0.0,0.0,0.0,0.0,0.0,0.0,0.0,0.0,0.0,0.0,0.0,0.0,0.0,1.0
691026.0,0.0,30.0,58.0,27.0,16.0,14.0,59.0,77.0,27.0,8.0,21.0,32.0,16.0,11.0,0.0,9.0,15.0,38.0,31.0,15.0,11.0,18.0,11.0,0.0,24.0,0.0,40.0,37.0,35.0,40.0,26.0,25.0,47.0,0.0,14.0,0.0,0.0,16.0,0.0,5.0,4.0,0.0,43.0,0.0,21.0,19.0,76.0,0.0,0.0,14.0,65.0,48.0,6.0,10.0,26.0,20.0,20.0,36.0,10.0,13.0,55.0,14.0,22.0,0.0,0.0,4.0,0.0,0.0,0.0,0.0,1.0,0.0,0.0,0.0,1.0,0.0,1.0,0.0,0.0,0.0,1.0,1.0
768739.0,0.0,81.0,45.0,11.0,50.0,48.0,55.0,17.0,55.0,26.0,31.0,56.0,25.0,55.0,0.0,50.0,41.0,30.0,55.0,21.0,64.0,15.0,32.0,13.0,23.0,17.0,53.0,35.0,43.0,47.0,64.0,53.0,40.0,0.0,20.0,37.0,20.0,21.0,0.0,5.0,9.0,20.0,40.0,0.0,33.0,65.0,73.0,0.0,0.0,55.0,55.0,49.0,7.0,19.0,56.0,42.0,34.0,36.0,11.0,15.0,57.0,31.0,32.0,0.0,29.0,5.0,100.0,0.0,0.0,0.0,7.0,1.0,0.0,4.0,5.0,0.0,1.0,4.0,0.0,1.0,1.0,3.0
432338.0,0.0,5.0,61.0,17.0,60.0,57.0,49.0,9.0,59.0,36.0,30.0,72.0,33.0,56.0,0.0,53.0,63.0,20.0,58.0,26.0,17.0,18.0,41.0,15.0,29.0,17.0,66.0,47.0,54.0,49.0,75.0,78.0,36.0,0.0,23.0,38.0,23.0,23.0,0.0,5.0,16.0,0.0,41.0,0.0,39.0,78.0,70.0,2.0,5.0,58.0,43.0,53.0,6.0,22.0,62.0,50.0,32.0,45.0,12.0,38.0,59.0,26.0,36.0,0.0,31.0,4.0,1.0,0.0,0.0,0.0,1.0,0.0,0.0,0.0,2.0,0.0,0.0,1.0,0.0,0.0,0.0,2.0
500811.0,0.0,0.0,38.0,16.0,75.0,77.0,45.0,10.0,67.0,36.0,44.0,76.0,44.0,77.0,0.0,81.0,70.0,17.0,60.0,29.0,14.0,31.0,41.0,21.0,31.0,25.0,56.0,47.0,52.0,47.0,72.0,72.0,29.0,9.0,33.0,26.0,31.0,26.0,8.0,5.0,31.0,0.0,6.0,0.0,44.0,86.0,68.0,2.0,6.0,66.0,50.0,53.0,7.0,21.0,67.0,48.0,37.0,54.0,12.0,16.0,52.0,27.0,28.0,0.0,34.0,4.0,0.0,0.0,0.0,0.0,1.0,0.0,0.0,6.0,1.0,0.0,1.0,1.0,0.0,0.0,0.0,2.0
477277.0,0.0,0.0,42.0,35.0,80.0,84.0,47.0,0.0,76.0,40.0,49.0,92.0,39.0,89.0,0.0,97.0,68.0,18.0,85.0,30.0,16.0,40.0,37.0,20.0,31.0,31.0,82.0,45.0,49.0,43.0,80.0,90.0,32.0,15.0,44.0,43.0,28.0,28.0,27.0,7.0,39.0,12.0,8.0,0.0,54.0,72.0,60.0,0.0,4.0,66.0,57.0,50.0,8.0,23.0,60.0,50.0,39.0,48.0,15.0,20.0,61.0,17.0,16.0,0.0,37.0,4.0,0.0,0.0,0.0,0.0,0.0,0.0,0.0,5.0,0.0,0.0,0.0,0.0,0.0,0.0,0.0,1.0
466638.0,0.0,0.0,57.0,37.0,47.0,80.0,53.0,0.0,51.0,26.0,45.0,64.0,46.0,40.0,34.0,40.0,81.0,13.0,52.0,32.0,0.0,37.0,64.0,19.0,35.0,0.0,62.0,39.0,58.0,56.0,81.0,59.0,35.0,26.0,53.0,41.0,0.0,29.0,38.0,7.0,55.0,0.0,8.0,5.0,51.0,82.0,55.0,2.0,0.0,54.0,54.0,69.0,7.0,37.0,87.0,82.0,0.0,60.0,12.0,77.0,65.0,12.0,17.0,0.0,60.0,5.0,0.0,0.0,0.0,0.0,0.0,0.0,0.0,4.0,0.0,0.0,0.0,0.0,0.0,0.0,0.0,1.0
553296.0,0.0,0.0,52.0,42.0,49.0,54.0,57.0,0.0,47.0,25.0,61.0,60.0,45.0,54.0,41.0,38.0,63.0,15.0,36.0,42.0,16.0,57.0,40.0,45.0,41.0,0.0,51.0,51.0,62.0,62.0,51.0,53.0,32.0,29.0,72.0,40.0,0.0,41.0,67.0,8.0,62.0,0.0,10.0,0.0,73.0,46.0,58.0,4.0,0.0,42.0,42.0,74.0,8.0,28.0,72.0,49.0,34.0,60.0,14.0,47.0,58.0,6.0,19.0,0.0,46.0,5.0,0.0,0.0,0.0,0.0,0.0,0.0,0.0,7.0,0.0,0.0,0.0,0.0,0.0,0.0,0.0,1.0
521785.0,0.0,0.0,15.0,41.0,49.0,58.0,22.0,0.0,39.0,27.0,73.0,64.0,62.0,54.0,39.0,36.0,52.0,5.0,52.0,48.0,0.0,71.0,52.0,56.0,47.0,0.0,51.0,81.0,77.0,84.0,63.0,52.0,17.0,43.0,99.0,51.0,0.0,46.0,91.0,9.0,64.0,22.0,10.0,0.0,84.0,56.0,61.0,4.0,0.0,41.0,11.0,73.0,11.0,26.0,76.0,47.0,38.0,69.0,14.0,44.0,37.0,16.0,28.0,0.0,34.0,6.0,0.0,0.0,0.0,0.0,0.0,0.0,0.0,8.0,0.0,0.0,0.0,0.0,0.0,0.0,0.0,1.0
497266.0,0.0,0.0,57.0,42.0,57.0,57.0,39.0,0.0,45.0,24.0,66.0,61.0,61.0,55.0,65.0,38.0,60.0,6.0,43.0,53.0,0.0,63.0,44.0,49.0,47.0,7.0,50.0,59.0,66.0,30.0,52.0,62.0,29.0,56.0,87.0,52.0,5.0,45.0,89.0,8.0,73.0,22.0,11.0,0.0,78.0,56.0,59.0,2.0,0.0,37.0,27.0,25.0,11.0,23.0,90.0,42.0,32.0,33.0,16.0,61.0,96.0,6.0,24.0,0.0,51.0,6.0,0.0,0.0,0.0,0.0,0.0,0.0,0.0,0.0,0.0,0.0,0.0,0.0,0.0,0.0,0.0,1.0
586866.0,0.0,0.0,51.0,16.0,55.0,54.0,38.0,0.0,50.0,25.0,25.0,74.0,18.0,55.0,14.0,34.0,55.0,8.0,43.0,20.0,0.0,19.0,44.0,19.0,15.0,0.0,41.0,32.0,25.0,49.0,49.0,67.0,27.0,54.0,18.0,0.0,5.0,19.0,33.0,8.0,79.0,0.0,11.0,0.0,19.0,44.0,31.0,3.0,0.0,39.0,33.0,48.0,9.0,22.0,92.0,42.0,28.0,57.0,12.0,45.0,61.0,15.0,17.0,0.0,30.0,4.0,0.0,0.0,0.0,0.0,0.0,0.0,0.0,5.0,0.0,0.0,0.0,0.0,0.0,0.0,0.0,1.0
632117.0,0.0,0.0,47.0,47.0,63.0,55.0,41.0,6.0,50.0,23.0,58.0,75.0,57.0,58.0,26.0,36.0,51.0,11.0,33.0,52.0,0.0,54.0,35.0,54.0,45.0,0.0,41.0,65.0,50.0,69.0,56.0,65.0,34.0,41.0,43.0,53.0,0.0,52.0,58.0,14.0,78.0,24.0,13.0,5.0,63.0,51.0,47.0,6.0,0.0,34.0,28.0,69.0,16.0,24.0,82.0,36.0,31.0,57.0,20.0,38.0,63.0,12.0,43.0,1.0,35.0,7.0,0.0,0.0,0.0,0.0,0.0,0.0,0.0,8.0,0.0,0.0,0.0,0.0,0.0,0.0,0.0,1.0
689215.0,13.0,0.0,40.0,57.0,55.0,50.0,44.0,5.0,44.0,20.0,66.0,72.0,57.0,46.0,34.0,29.0,49.0,8.0,38.0,69.0,0.0,60.0,35.0,70.0,63.0,0.0,46.0,55.0,67.0,68.0,53.0,68.0,33.0,42.0,73.0,47.0,0.0,67.0,85.0,17.0,78.0,47.0,16.0,0.0,73.0,57.0,45.0,6.0,0.0,40.0,29.0,69.0,17.0,23.0,77.0,31.0,35.0,69.0,21.0,26.0,70.0,0.0,34.0,0.0,27.0,12.0,0.0,0.0,0.0,0.0,0.0,0.0,0.0,10.0,0.0,0.0,0.0,0.0,0.0,0.0,0.0,1.0
14222.0,100.0,0.0,90.0,79.0,69.0,52.0,87.0,6.0,61.0,26.0,70.0,77.0,72.0,49.0,83.0,33.0,55.0,67.0,47.0,72.0,8.0,67.0,35.0,73.0,79.0,6.0,52.0,94.0,76.0,83.0,66.0,78.0,77.0,67.0,72.0,100.0,6.0,74.0,83.0,18.0,72.0,81.0,19.0,4.0,74.0,67.0,41.0,5.0,4.0,46.0,86.0,75.0,17.0,27.0,86.0,42.0,43.0,79.0,20.0,23.0,68.0,35.0,27.0,0.0,48.0,7.0,0.0,0.0,1.0,1.0,0.0,0.0,0.0,9.0,0.0,0.0,0.0,0.0,0.0,0.0,0.0,1.0
343246.0,0.0,0.0,51.0,79.0,72.0,62.0,66.0,5.0,70.0,32.0,81.0,73.0,80.0,82.0,82.0,48.0,56.0,51.0,54.0,82.0,0.0,74.0,42.0,84.0,96.0,5.0,55.0,100.0,77.0,42.0,71.0,89.0,50.0,0.0,68.0,79.0,6.0,84.0,75.0,18.0,78.0,95.0,20.0,0.0,80.0,65.0,40.0,6.0,5.0,51.0,61.0,92.0,16.0,31.0,87.0,46.0,40.0,76.0,21.0,37.0,61.0,11.0,24.0,0.0,28.0,8.0,0.0,0.0,1.0,1.0,0.0,0.0,0.0,0.0,0.0,0.0,0.0,0.0,0.0,0.0,0.0,1.0
654928.0,0.0,0.0,47.0,0.0,75.0,51.0,52.0,6.0,73.0,33.0,19.0,71.0,41.0,80.0,0.0,45.0,60.0,39.0,9.0,21.0,6.0,0.0,41.0,0.0,28.0,5.0,17.0,38.0,48.0,33.0,68.0,84.0,45.0,0.0,16.0,0.0,7.0,26.0,0.0,5.0,4.0,0.0,29.0,0.0,34.0,55.0,87.0,0.0,6.0,48.0,70.0,47.0,6.0,24.0,92.0,39.0,0.0,55.0,7.0,30.0,51.0,9.0,52.0,0.0,34.0,5.0,0.0,0.0,0.0,0.0,0.0,0.0,0.0,0.0,0.0,0.0,0.0,0.0,0.0,0.0,0.0,1.0
754100.0,0.0,33.0,59.0,15.0,14.0,15.0,62.0,88.0,28.0,7.0,26.0,31.0,19.0,8.0,0.0,6.0,11.0,31.0,33.0,21.0,12.0,17.0,11.0,0.0,28.0,0.0,44.0,44.0,39.0,30.0,27.0,22.0,46.0,0.0,15.0,0.0,0.0,18.0,0.0,5.0,6.0,0.0,49.0,0.0,38.0,29.0,78.0,0.0,0.0,14.0,60.0,50.0,6.0,10.0,22.0,19.0,28.0,71.0,11.0,15.0,50.0,14.0,28.0,0.0,16.0,5.0,0.0,0.0,0.0,0.0,0.0,0.0,0.0,7.0,5.0,0.0,0.0,0.0,0.0,0.0,1.0,1.0
966724.0,0.0,71.0,51.0,13.0,52.0,53.0,55.0,15.0,52.0,23.0,34.0,59.0,21.0,47.0,0.0,39.0,52.0,31.0,47.0,23.0,47.0,23.0,32.0,12.0,25.0,0.0,48.0,50.0,52.0,38.0,64.0,63.0,39.0,0.0,24.0,41.0,5.0,23.0,9.0,4.0,11.0,0.0,38.0,0.0,35.0,76.0,69.0,0.0,2.0,52.0,50.0,53.0,5.0,20.0,58.0,44.0,40.0,40.0,10.0,14.0,53.0,17.0,42.0,0.0,32.0,4.0,3.0,0.0,0.0,0.0,1.0,0.0,0.0,7.0,2.0,0.0,0.0,1.0,0.0,0.0,0.0,2.0
430974.0,0.0,4.0,39.0,11.0,58.0,52.0,52.0,10.0,53.0,27.0,34.0,71.0,29.0,57.0,0.0,42.0,52.0,24.0,58.0,25.0,14.0,23.0,42.0,20.0,27.0,5.0,55.0,42.0,45.0,41.0,77.0,75.0,36.0,0.0,23.0,47.0,7.0,24.0,13.0,6.0,16.0,15.0,39.0,0.0,38.0,75.0,69.0,0.0,4.0,67.0,49.0,58.0,6.0,22.0,65.0,48.0,20.0,38.0,11.0,21.0,50.0,23.0,27.0,0.0,31.0,4.0,0.0,0.0,0.0,0.0,1.0,0.0,0.0,4.0,1.0,0.0,0.0,0.0,0.0,0.0,0.0,2.0
381295.0,0.0,2.0,35.0,14.0,67.0,71.0,45.0,7.0,59.0,32.0,41.0,77.0,34.0,62.0,0.0,57.0,57.0,18.0,59.0,27.0,16.0,39.0,39.0,20.0,31.0,6.0,48.0,43.0,58.0,37.0,70.0,68.0,26.0,9.0,33.0,42.0,7.0,26.0,13.0,6.0,32.0,0.0,7.0,0.0,45.0,76.0,67.0,3.0,3.0,60.0,49.0,53.0,7.0,22.0,78.0,50.0,33.0,45.0,11.0,28.0,48.0,20.0,28.0,0.0,35.0,4.0,0.0,0.0,0.0,0.0,0.0,0.0,0.0,7.0,1.0,0.0,0.0,0.0,0.0,0.0,0.0,2.0
411668.0,0.0,0.0,45.0,29.0,70.0,77.0,51.0,0.0,62.0,31.0,49.0,93.0,35.0,70.0,0.0,65.0,50.0,14.0,62.0,30.0,13.0,34.0,34.0,19.0,36.0,9.0,69.0,38.0,47.0,44.0,76.0,89.0,33.0,20.0,39.0,44.0,8.0,27.0,25.0,7.0,42.0,12.0,6.0,0.0,55.0,74.0,63.0,2.0,6.0,66.0,55.0,49.0,8.0,20.0,70.0,52.0,0.0,43.0,13.0,24.0,54.0,14.0,16.0,0.0,30.0,4.0,0.0,0.0,0.0,0.0,0.0,0.0,0.0,8.0,0.0,0.0,0.0,0.0,0.0,0.0,0.0,1.0
451501.0,0.0,0.0,50.0,33.0,44.0,71.0,48.0,0.0,58.0,25.0,41.0,64.0,40.0,38.0,41.0,36.0,69.0,14.0,28.0,32.0,0.0,29.0,61.0,25.0,33.0,0.0,40.0,32.0,54.0,61.0,76.0,55.0,29.0,36.0,52.0,49.0,0.0,28.0,44.0,6.0,48.0,0.0,7.0,0.0,53.0,67.0,56.0,4.0,0.0,42.0,49.0,75.0,8.0,35.0,87.0,71.0,0.0,60.0,11.0,52.0,61.0,15.0,21.0,0.0,0.0,4.0,0.0,49.0,0.0,0.0,0.0,0.0,0.0,9.0,0.0,0.0,0.0,0.0,0.0,0.0,0.0,1.0
480992.0,0.0,0.0,50.0,38.0,36.0,44.0,57.0,0.0,47.0,19.0,54.0,54.0,56.0,38.0,33.0,29.0,52.0,17.0,38.0,42.0,0.0,48.0,34.0,39.0,43.0,0.0,48.0,44.0,66.0,61.0,54.0,45.0,28.0,26.0,63.0,53.0,0.0,35.0,66.0,7.0,66.0,0.0,9.0,7.0,66.0,46.0,63.0,5.0,0.0,43.0,36.0,76.0,8.0,28.0,56.0,50.0,36.0,59.0,13.0,34.0,57.0,0.0,17.0,0.0,0.0,5.0,0.0,0.0,0.0,0.0,0.0,0.0,0.0,12.0,0.0,0.0,0.0,0.0,0.0,0.0,0.0,1.0
466305.0,0.0,0.0,17.0,39.0,48.0,53.0,25.0,0.0,41.0,23.0,67.0,61.0,62.0,40.0,37.0,34.0,50.0,0.0,33.0,47.0,0.0,58.0,46.0,60.0,45.0,0.0,46.0,60.0,73.0,89.0,57.0,53.0,18.0,30.0,100.0,93.0,0.0,44.0,98.0,9.0,53.0,17.0,9.0,0.0,74.0,59.0,62.0,5.0,0.0,42.0,11.0,77.0,10.0,23.0,65.0,48.0,33.0,59.0,14.0,42.0,40.0,17.0,18.0,0.0,38.0,5.0,0.0,0.0,0.0,0.0,0.0,0.0,0.0,9.0,0.0,0.0,0.0,0.0,0.0,0.0,0.0,1.0
437433.0,0.0,0.0,50.0,42.0,53.0,57.0,38.0,0.0,45.0,23.0,67.0,63.0,70.0,47.0,54.0,34.0,54.0,7.0,43.0,54.0,0.0,55.0,44.0,57.0,46.0,0.0,46.0,61.0,69.0,34.0,53.0,69.0,30.0,58.0,92.0,55.0,0.0,47.0,100.0,8.0,60.0,27.0,10.0,0.0,72.0,45.0,58.0,2.0,0.0,40.0,28.0,24.0,11.0,23.0,76.0,39.0,41.0,27.0,16.0,47.0,91.0,6.0,24.0,0.0,38.0,6.0,0.0,0.0,0.0,0.0,0.0,0.0,0.0,0.0,0.0,0.0,0.0,0.0,0.0,0.0,0.0,1.0
469609.0,0.0,0.0,38.0,17.0,51.0,55.0,35.0,0.0,61.0,21.0,23.0,69.0,18.0,45.0,0.0,30.0,41.0,8.0,37.0,20.0,0.0,17.0,49.0,16.0,16.0,0.0,41.0,23.0,22.0,55.0,52.0,65.0,25.0,50.0,17.0,0.0,5.0,20.0,31.0,9.0,79.0,9.0,12.0,0.0,15.0,47.0,27.0,4.0,0.0,39.0,37.0,48.0,8.0,24.0,77.0,41.0,21.0,57.0,10.0,18.0,57.0,62.0,16.0,0.0,30.0,4.0,0.0,0.0,0.0,0.0,0.0,0.0,0.0,8.0,1.0,0.0,0.0,0.0,0.0,0.0,0.0,1.0
471967.0,0.0,0.0,43.0,47.0,61.0,53.0,39.0,0.0,46.0,24.0,59.0,71.0,50.0,58.0,18.0,32.0,41.0,8.0,40.0,60.0,0.0,59.0,41.0,55.0,50.0,6.0,40.0,52.0,54.0,69.0,52.0,64.0,33.0,41.0,53.0,66.0,5.0,53.0,58.0,14.0,75.0,28.0,15.0,4.0,67.0,46.0,44.0,7.0,3.0,36.0,29.0,62.0,15.0,26.0,74.0,38.0,22.0,60.0,19.0,28.0,73.0,13.0,30.0,0.0,41.0,6.0,0.0,0.0,0.0,0.0,0.0,0.0,0.0,11.0,0.0,0.0,0.0,0.0,0.0,0.0,0.0,1.0
475117.0,30.0,0.0,40.0,55.0,56.0,51.0,43.0,0.0,50.0,23.0,66.0,80.0,56.0,49.0,39.0,28.0,40.0,8.0,36.0,65.0,0.0,68.0,41.0,72.0,67.0,0.0,40.0,56.0,70.0,63.0,53.0,66.0,29.0,38.0,71.0,39.0,0.0,67.0,85.0,17.0,77.0,43.0,19.0,0.0,72.0,52.0,46.0,6.0,0.0,43.0,27.0,76.0,17.0,25.0,69.0,38.0,29.0,68.0,20.0,30.0,64.0,0.0,33.0,0.0,29.0,7.0,0.0,0.0,0.0,0.0,0.0,0.0,0.0,11.0,0.0,0.0,0.0,0.0,0.0,0.0,0.0,1.0
21995.0,85.0,0.0,79.0,82.0,59.0,51.0,71.0,6.0,66.0,23.0,73.0,77.0,54.0,45.0,93.0,30.0,49.0,66.0,47.0,72.0,7.0,61.0,34.0,76.0,76.0,5.0,45.0,74.0,80.0,80.0,59.0,69.0,72.0,75.0,66.0,74.0,7.0,75.0,80.0,17.0,63.0,73.0,25.0,0.0,75.0,55.0,48.0,9.0,5.0,40.0,100.0,91.0,15.0,23.0,65.0,40.0,45.0,89.0,20.0,19.0,63.0,45.0,27.0,0.0,23.0,7.0,0.0,0.0,2.0,1.0,0.0,0.0,0.0,12.0,0.0,0.0,1.0,0.0,0.0,0.0,0.0,1.0
436416.0,0.0,0.0,38.0,75.0,67.0,57.0,42.0,0.0,69.0,26.0,77.0,64.0,62.0,60.0,87.0,34.0,54.0,34.0,61.0,77.0,0.0,70.0,39.0,82.0,87.0,0.0,53.0,73.0,94.0,42.0,64.0,80.0,39.0,0.0,73.0,94.0,6.0,84.0,78.0,17.0,80.0,84.0,17.0,0.0,73.0,43.0,46.0,0.0,4.0,44.0,62.0,85.0,15.0,25.0,64.0,40.0,68.0,74.0,20.0,14.0,60.0,7.0,29.0,0.0,26.0,7.0,0.0,0.0,1.0,1.0,0.0,0.0,0.0,0.0,0.0,0.0,0.0,0.0,0.0,0.0,0.0,1.0
630077.0,0.0,0.0,39.0,6.0,72.0,51.0,48.0,10.0,67.0,27.0,35.0,65.0,32.0,63.0,0.0,37.0,51.0,38.0,9.0,22.0,0.0,19.0,40.0,0.0,28.0,6.0,18.0,32.0,49.0,29.0,66.0,90.0,45.0,0.0,16.0,0.0,5.0,23.0,0.0,5.0,5.0,0.0,30.0,0.0,40.0,59.0,97.0,0.0,6.0,40.0,73.0,39.0,6.0,21.0,66.0,36.0,0.0,36.0,9.0,17.0,54.0,7.0,37.0,0.0,32.0,5.0,0.0,0.0,0.0,0.0,0.0,0.0,0.0,0.0,0.0,0.0,0.0,0.0,0.0,0.0,0.0,2.0
767212.0,0.0,45.0,39.0,23.0,14.0,15.0,50.0,100.0,25.0,8.0,26.0,34.0,17.0,10.0,0.0,7.0,15.0,32.0,36.0,21.0,30.0,16.0,12.0,12.0,25.0,0.0,44.0,35.0,36.0,34.0,29.0,27.0,41.0,0.0,11.0,0.0,0.0,19.0,0.0,5.0,5.0,0.0,31.0,0.0,35.0,22.0,79.0,0.0,0.0,16.0,60.0,44.0,7.0,15.0,28.0,23.0,23.0,43.0,16.0,12.0,51.0,9.0,33.0,0.0,14.0,4.0,0.0,0.0,0.0,0.0,0.0,0.0,0.0,7.0,11.0,0.0,0.0,0.0,0.0,0.0,1.0,1.0
431246.0,0.0,4.0,36.0,17.0,55.0,52.0,51.0,8.0,52.0,29.0,32.0,76.0,28.0,59.0,0.0,34.0,47.0,24.0,45.0,24.0,11.0,22.0,36.0,11.0,29.0,4.0,50.0,35.0,73.0,38.0,70.0,71.0,38.0,8.0,26.0,0.0,10.0,24.0,11.0,5.0,15.0,19.0,33.0,0.0,38.0,73.0,68.0,2.0,3.0,55.0,47.0,50.0,7.0,19.0,68.0,50.0,24.0,45.0,12.0,30.0,47.0,26.0,17.0,0.0,21.0,4.0,0.0,0.0,0.0,0.0,0.0,0.0,0.0,8.0,1.0,1.0,0.0,0.0,0.0,0.0,0.0,1.0
424473.0,0.0,0.0,40.0,17.0,67.0,75.0,39.0,8.0,53.0,29.0,41.0,83.0,30.0,53.0,0.0,48.0,56.0,14.0,47.0,29.0,19.0,31.0,38.0,22.0,31.0,5.0,46.0,32.0,60.0,36.0,67.0,71.0,25.0,10.0,35.0,24.0,11.0,26.0,17.0,6.0,30.0,0.0,7.0,0.0,46.0,80.0,77.0,2.0,7.0,58.0,51.0,50.0,7.0,21.0,78.0,52.0,31.0,39.0,11.0,25.0,51.0,17.0,18.0,0.0,35.0,4.0,0.0,0.0,0.0,0.0,1.0,0.0,0.0,10.0,1.0,0.0,0.0,0.0,0.0,0.0,0.0,2.0
466273.0,0.0,0.0,31.0,23.0,74.0,76.0,43.0,21.0,60.0,32.0,45.0,100.0,43.0,55.0,0.0,48.0,53.0,13.0,67.0,31.0,15.0,36.0,35.0,20.0,31.0,5.0,66.0,36.0,47.0,52.0,80.0,78.0,28.0,18.0,36.0,31.0,14.0,27.0,30.0,7.0,47.0,15.0,7.0,0.0,51.0,65.0,64.0,0.0,5.0,62.0,47.0,52.0,8.0,21.0,64.0,53.0,0.0,44.0,13.0,26.0,51.0,15.0,21.0,0.0,27.0,4.0,0.0,0.0,0.0,0.0,0.0,0.0,0.0,8.0,0.0,0.0,0.0,0.0,0.0,0.0,0.0,1.0
466513.0,0.0,0.0,42.0,37.0,47.0,78.0,40.0,0.0,55.0,22.0,46.0,59.0,40.0,35.0,42.0,34.0,61.0,11.0,36.0,31.0,0.0,34.0,65.0,24.0,33.0,0.0,40.0,39.0,53.0,49.0,73.0,59.0,25.0,30.0,61.0,27.0,0.0,33.0,44.0,6.0,51.0,0.0,8.0,0.0,57.0,70.0,58.0,4.0,0.0,40.0,45.0,62.0,8.0,32.0,83.0,67.0,38.0,64.0,12.0,55.0,52.0,12.0,22.0,0.0,40.0,4.0,0.0,0.0,0.0,0.0,0.0,0.0,0.0,10.0,0.0,0.0,0.0,0.0,0.0,0.0,0.0,1.0
456995.0,0.0,0.0,35.0,36.0,41.0,53.0,42.0,0.0,39.0,21.0,62.0,51.0,50.0,37.0,37.0,27.0,37.0,10.0,39.0,39.0,0.0,49.0,43.0,33.0,37.0,0.0,44.0,34.0,58.0,52.0,53.0,41.0,26.0,26.0,57.0,19.0,0.0,37.0,68.0,7.0,55.0,0.0,9.0,0.0,65.0,54.0,55.0,5.0,0.0,47.0,39.0,58.0,8.0,26.0,62.0,53.0,0.0,49.0,12.0,0.0,54.0,10.0,14.0,0.0,30.0,5.0,0.0,0.0,0.0,0.0,0.0,0.0,0.0,16.0,0.0,0.0,0.0,0.0,0.0,0.0,0.0,1.0
385871.0,0.0,0.0,15.0,33.0,48.0,53.0,26.0,0.0,48.0,21.0,62.0,63.0,53.0,33.0,34.0,25.0,47.0,4.0,37.0,44.0,0.0,51.0,49.0,50.0,43.0,0.0,45.0,40.0,59.0,80.0,65.0,53.0,21.0,39.0,78.0,19.0,0.0,42.0,85.0,8.0,56.0,20.0,11.0,0.0,68.0,60.0,49.0,8.0,0.0,43.0,14.0,64.0,10.0,20.0,64.0,48.0,0.0,60.0,14.0,38.0,52.0,16.0,15.0,0.0,26.0,5.0,0.0,0.0,0.0,0.0,0.0,0.0,0.0,13.0,0.0,0.0,0.0,0.0,0.0,0.0,0.0,1.0
339307.0,0.0,0.0,41.0,42.0,49.0,61.0,40.0,7.0,46.0,22.0,60.0,62.0,53.0,38.0,35.0,34.0,48.0,9.0,37.0,49.0,0.0,58.0,45.0,55.0,46.0,0.0,39.0,42.0,57.0,32.0,55.0,62.0,30.0,60.0,77.0,30.0,0.0,44.0,91.0,8.0,64.0,20.0,14.0,0.0,76.0,59.0,53.0,2.0,3.0,39.0,37.0,25.0,11.0,21.0,74.0,41.0,0.0,33.0,14.0,54.0,94.0,0.0,14.0,0.0,29.0,5.0,0.0,0.0,0.0,0.0,0.0,0.0,0.0,3.0,1.0,0.0,0.0,0.0,0.0,0.0,0.0,1.0
412933.0,0.0,0.0,40.0,18.0,49.0,58.0,35.0,0.0,55.0,21.0,28.0,66.0,14.0,38.0,0.0,27.0,47.0,7.0,26.0,21.0,0.0,14.0,44.0,17.0,17.0,0.0,33.0,27.0,25.0,57.0,52.0,53.0,22.0,45.0,19.0,0.0,0.0,22.0,38.0,10.0,80.0,0.0,16.0,0.0,22.0,49.0,33.0,5.0,0.0,38.0,35.0,65.0,9.0,20.0,65.0,44.0,27.0,73.0,12.0,35.0,52.0,15.0,27.0,0.0,29.0,4.0,0.0,0.0,0.0,0.0,0.0,0.0,0.0,9.0,0.0,0.0,0.0,0.0,0.0,0.0,0.0,1.0
520623.0,0.0,0.0,49.0,43.0,53.0,53.0,42.0,0.0,45.0,22.0,61.0,73.0,45.0,48.0,23.0,30.0,33.0,5.0,23.0,59.0,0.0,53.0,43.0,56.0,52.0,0.0,32.0,42.0,53.0,68.0,55.0,53.0,36.0,42.0,57.0,26.0,0.0,54.0,83.0,14.0,70.0,30.0,16.0,6.0,71.0,40.0,55.0,8.0,4.0,44.0,30.0,77.0,15.0,25.0,54.0,38.0,17.0,67.0,18.0,17.0,60.0,11.0,39.0,0.0,18.0,6.0,0.0,0.0,0.0,0.0,0.0,0.0,0.0,13.0,1.0,0.0,0.0,0.0,0.0,0.0,0.0,1.0
600091.0,26.0,0.0,40.0,46.0,49.0,46.0,37.0,6.0,43.0,19.0,61.0,68.0,49.0,33.0,40.0,23.0,28.0,5.0,35.0,63.0,8.0,62.0,37.0,72.0,68.0,0.0,38.0,58.0,67.0,68.0,53.0,54.0,30.0,36.0,66.0,17.0,5.0,69.0,80.0,18.0,72.0,52.0,27.0,5.0,65.0,53.0,53.0,9.0,3.0,37.0,30.0,75.0,18.0,22.0,53.0,34.0,31.0,74.0,20.0,15.0,61.0,0.0,29.0,0.0,17.0,7.0,0.0,0.0,0.0,0.0,0.0,0.0,0.0,15.0,1.0,0.0,0.0,0.0,0.0,0.0,24.0,1.0
100985.0,82.0,0.0,77.0,63.0,57.0,47.0,78.0,5.0,56.0,23.0,62.0,64.0,68.0,42.0,100.0,29.0,34.0,64.0,38.0,72.0,10.0,62.0,37.0,73.0,85.0,0.0,40.0,57.0,80.0,83.0,59.0,66.0,79.0,79.0,64.0,32.0,0.0,77.0,79.0,17.0,71.0,71.0,23.0,8.0,68.0,65.0,53.0,10.0,5.0,42.0,90.0,89.0,15.0,22.0,56.0,38.0,35.0,87.0,19.0,15.0,62.0,22.0,22.0,0.0,28.0,7.0,2.0,0.0,1.0,1.0,11.0,1.0,0.0,16.0,4.0,0.0,19.0,3.0,0.0,20.0,0.0,26.0
520182.0,0.0,0.0,34.0,65.0,73.0,60.0,47.0,7.0,66.0,34.0,72.0,72.0,56.0,44.0,87.0,30.0,46.0,30.0,42.0,75.0,0.0,69.0,40.0,85.0,82.0,0.0,44.0,54.0,93.0,35.0,74.0,72.0,53.0,0.0,66.0,18.0,7.0,83.0,72.0,17.0,82.0,95.0,14.0,0.0,74.0,62.0,48.0,0.0,5.0,50.0,66.0,51.0,16.0,36.0,68.0,55.0,45.0,56.0,19.0,22.0,52.0,10.0,33.0,0.0,24.0,8.0,0.0,0.0,1.0,1.0,1.0,0.0,0.0,0.0,2.0,0.0,0.0,0.0,0.0,0.0,0.0,1.0
598308.0,0.0,0.0,37.0,7.0,63.0,53.0,45.0,19.0,73.0,31.0,24.0,69.0,29.0,58.0,0.0,34.0,53.0,23.0,13.0,20.0,0.0,0.0,42.0,23.0,29.0,8.0,20.0,29.0,42.0,32.0,73.0,77.0,48.0,0.0,16.0,0.0,8.0,23.0,0.0,5.0,6.0,0.0,24.0,0.0,46.0,58.0,98.0,0.0,8.0,47.0,81.0,48.0,5.0,21.0,79.0,48.0,0.0,49.0,8.0,30.0,53.0,12.0,37.0,0.0,22.0,4.0,0.0,0.0,0.0,0.0,0.0,0.0,0.0,0.0,1.0,0.0,0.0,0.0,0.0,0.0,0.0,1.0
683375.0,0.0,64.0,37.0,16.0,19.0,21.0,44.0,57.0,25.0,9.0,24.0,36.0,17.0,11.0,0.0,6.0,18.0,23.0,32.0,20.0,54.0,19.0,12.0,0.0,26.0,0.0,35.0,28.0,40.0,31.0,47.0,28.0,44.0,0.0,12.0,0.0,4.0,19.0,0.0,5.0,5.0,0.0,33.0,0.0,39.0,28.0,82.0,4.0,3.0,26.0,65.0,46.0,8.0,10.0,41.0,53.0,27.0,62.0,13.0,0.0,52.0,8.0,30.0,0.0,23.0,4.0,0.0,0.0,0.0,0.0,2.0,0.0,0.0,9.0,100.0,0.0,0.0,0.0,0.0,0.0,1.0,2.0
509173.0,0.0,0.0,23.0,16.0,54.0,49.0,43.0,6.0,57.0,29.0,32.0,66.0,25.0,47.0,0.0,33.0,36.0,13.0,36.0,27.0,11.0,19.0,39.0,19.0,30.0,7.0,37.0,30.0,52.0,37.0,69.0,58.0,34.0,9.0,17.0,0.0,9.0,25.0,11.0,5.0,15.0,18.0,35.0,0.0,37.0,67.0,75.0,5.0,8.0,55.0,55.0,50.0,7.0,19.0,57.0,49.0,17.0,45.0,12.0,18.0,57.0,17.0,21.0,0.0,17.0,4.0,0.0,0.0,0.0,0.0,1.0,0.0,0.0,8.0,2.0,0.0,1.0,1.0,0.0,0.0,1.0,2.0
520225.0,0.0,0.0,34.0,17.0,62.0,71.0,35.0,13.0,53.0,34.0,40.0,72.0,29.0,52.0,0.0,47.0,33.0,17.0,42.0,29.0,12.0,29.0,41.0,27.0,30.0,10.0,40.0,27.0,49.0,34.0,70.0,61.0,32.0,12.0,28.0,0.0,14.0,27.0,21.0,6.0,31.0,0.0,7.0,0.0,45.0,72.0,72.0,2.0,7.0,58.0,47.0,48.0,7.0,17.0,67.0,47.0,20.0,52.0,11.0,14.0,46.0,23.0,22.0,0.0,21.0,4.0,0.0,0.0,0.0,0.0,1.0,0.0,0.0,16.0,2.0,0.0,1.0,0.0,0.0,0.0,0.0,2.0
504471.0,0.0,0.0,30.0,49.0,82.0,85.0,36.0,0.0,67.0,34.0,45.0,91.0,37.0,56.0,0.0,56.0,39.0,18.0,54.0,29.0,19.0,31.0,35.0,23.0,34.0,9.0,61.0,26.0,48.0,43.0,82.0,77.0,36.0,14.0,31.0,0.0,15.0,30.0,32.0,7.0,40.0,0.0,7.0,0.0,49.0,88.0,61.0,3.0,6.0,61.0,48.0,47.0,7.0,20.0,58.0,65.0,0.0,57.0,15.0,0.0,51.0,11.0,19.0,0.0,37.0,5.0,0.0,0.0,0.0,0.0,0.0,0.0,0.0,9.0,0.0,0.0,0.0,0.0,0.0,0.0,0.0,1.0
495939.0,0.0,0.0,39.0,32.0,43.0,79.0,39.0,0.0,50.0,23.0,47.0,53.0,36.0,36.0,34.0,34.0,60.0,14.0,34.0,35.0,0.0,33.0,66.0,25.0,36.0,0.0,48.0,27.0,50.0,46.0,70.0,49.0,35.0,23.0,49.0,0.0,0.0,33.0,41.0,7.0,48.0,0.0,10.0,0.0,43.0,50.0,56.0,5.0,0.0,47.0,51.0,51.0,7.0,29.0,93.0,70.0,0.0,58.0,10.0,72.0,58.0,16.0,17.0,0.0,67.0,4.0,0.0,0.0,0.0,0.0,0.0,0.0,0.0,13.0,0.0,0.0,0.0,0.0,0.0,0.0,0.0,1.0
498176.0,0.0,0.0,36.0,37.0,48.0,54.0,42.0,0.0,45.0,22.0,49.0,48.0,32.0,37.0,28.0,31.0,46.0,14.0,29.0,35.0,0.0,40.0,54.0,29.0,38.0,0.0,45.0,29.0,57.0,58.0,57.0,39.0,32.0,24.0,56.0,0.0,0.0,37.0,58.0,7.0,51.0,0.0,11.0,0.0,57.0,41.0,59.0,8.0,0.0,41.0,45.0,61.0,8.0,26.0,68.0,55.0,29.0,63.0,13.0,42.0,58.0,11.0,17.0,0.0,39.0,5.0,0.0,0.0,0.0,0.0,0.0,0.0,0.0,17.0,0.0,0.0,0.0,0.0,0.0,0.0,0.0,1.0
515054.0,0.0,0.0,16.0,39.0,52.0,58.0,28.0,0.0,52.0,25.0,65.0,64.0,50.0,39.0,39.0,31.0,53.0,8.0,34.0,47.0,0.0,59.0,54.0,60.0,47.0,0.0,43.0,37.0,74.0,82.0,66.0,56.0,28.0,36.0,82.0,0.0,0.0,50.0,91.0,15.0,64.0,20.0,12.0,0.0,81.0,43.0,53.0,8.0,0.0,48.0,30.0,82.0,21.0,22.0,74.0,48.0,25.0,76.0,28.0,43.0,70.0,11.0,20.0,0.0,43.0,17.0,0.0,0.0,0.0,0.0,0.0,0.0,0.0,20.0,0.0,0.0,0.0,0.0,0.0,0.0,0.0,1.0
525377.0,0.0,0.0,34.0,37.0,49.0,59.0,35.0,0.0,50.0,24.0,71.0,59.0,55.0,39.0,44.0,35.0,49.0,8.0,38.0,54.0,0.0,64.0,46.0,58.0,53.0,0.0,43.0,46.0,71.0,32.0,53.0,59.0,32.0,53.0,81.0,0.0,7.0,51.0,92.0,8.0,66.0,30.0,14.0,0.0,75.0,48.0,64.0,3.0,4.0,44.0,38.0,46.0,10.0,20.0,76.0,49.0,34.0,48.0,13.0,25.0,76.0,6.0,20.0,0.0,31.0,6.0,0.0,33.0,0.0,0.0,0.0,0.0,0.0,3.0,0.0,0.0,0.0,0.0,0.0,0.0,0.0,1.0
591781.0,0.0,0.0,33.0,20.0,52.0,62.0,29.0,0.0,44.0,21.0,24.0,58.0,21.0,36.0,13.0,27.0,49.0,5.0,27.0,31.0,10.0,19.0,51.0,23.0,23.0,0.0,30.0,24.0,33.0,55.0,53.0,53.0,21.0,46.0,21.0,0.0,8.0,34.0,39.0,9.0,73.0,0.0,14.0,0.0,24.0,54.0,48.0,6.0,4.0,43.0,33.0,65.0,10.0,22.0,73.0,44.0,16.0,68.0,10.0,27.0,51.0,10.0,38.0,0.0,22.0,5.0,0.0,0.0,0.0,0.0,0.0,0.0,0.0,12.0,0.0,0.0,0.0,0.0,0.0,0.0,0.0,1.0
616908.0,0.0,0.0,33.0,43.0,46.0,51.0,35.0,0.0,43.0,21.0,56.0,69.0,47.0,39.0,15.0,27.0,34.0,0.0,29.0,57.0,0.0,62.0,35.0,60.0,57.0,0.0,33.0,40.0,56.0,71.0,52.0,53.0,33.0,47.0,54.0,0.0,0.0,59.0,72.0,14.0,70.0,36.0,19.0,0.0,62.0,52.0,60.0,10.0,4.0,38.0,27.0,71.0,15.0,24.0,67.0,44.0,27.0,69.0,17.0,18.0,54.0,22.0,36.0,0.0,0.0,7.0,0.0,0.0,0.0,0.0,0.0,0.0,0.0,20.0,0.0,0.0,0.0,0.0,0.0,0.0,0.0,1.0
733880.0,29.0,0.0,29.0,45.0,51.0,48.0,37.0,0.0,42.0,20.0,63.0,69.0,48.0,37.0,29.0,23.0,34.0,6.0,23.0,64.0,0.0,62.0,36.0,76.0,68.0,0.0,40.0,56.0,67.0,70.0,60.0,60.0,35.0,39.0,56.0,0.0,0.0,72.0,74.0,15.0,83.0,47.0,16.0,7.0,68.0,53.0,50.0,13.0,5.0,44.0,31.0,73.0,15.0,22.0,74.0,42.0,18.0,72.0,17.0,16.0,73.0,12.0,24.0,0.0,33.0,8.0,0.0,0.0,0.0,0.0,0.0,0.0,0.0,24.0,0.0,0.0,0.0,0.0,0.0,0.0,1.0,1.0
264761.0,68.0,0.0,69.0,61.0,63.0,58.0,78.0,0.0,68.0,28.0,64.0,78.0,51.0,46.0,93.0,34.0,44.0,47.0,32.0,66.0,0.0,63.0,46.0,73.0,79.0,11.0,42.0,53.0,75.0,79.0,73.0,68.0,100.0,100.0,63.0,0.0,11.0,79.0,67.0,16.0,72.0,71.0,18.0,5.0,62.0,53.0,47.0,10.0,5.0,50.0,86.0,100.0,14.0,23.0,78.0,42.0,52.0,97.0,18.0,21.0,66.0,26.0,22.0,2.0,36.0,8.0,0.0,0.0,1.0,1.0,0.0,0.0,0.0,17.0,0.0,0.0,1.0,0.0,0.0,0.0,0.0,2.0
689139.0,0.0,0.0,45.0,92.0,65.0,66.0,59.0,0.0,66.0,29.0,72.0,75.0,57.0,48.0,84.0,36.0,49.0,46.0,44.0,76.0,0.0,69.0,39.0,75.0,93.0,7.0,49.0,68.0,100.0,37.0,81.0,76.0,61.0,0.0,56.0,0.0,9.0,96.0,66.0,17.0,85.0,83.0,16.0,0.0,68.0,56.0,51.0,0.0,8.0,51.0,73.0,63.0,18.0,25.0,90.0,49.0,41.0,66.0,22.0,27.0,51.0,9.0,33.0,0.0,19.0,9.0,0.0,0.0,0.0,0.0,1.0,0.0,0.0,8.0,1.0,0.0,0.0,0.0,0.0,0.0,0.0,1.0
752207.0,0.0,0.0,30.0,0.0,64.0,57.0,53.0,25.0,78.0,31.0,20.0,61.0,0.0,59.0,0.0,32.0,54.0,45.0,11.0,19.0,6.0,30.0,46.0,18.0,28.0,12.0,20.0,33.0,52.0,27.0,75.0,63.0,48.0,0.0,22.0,0.0,12.0,25.0,0.0,5.0,0.0,34.0,29.0,0.0,42.0,66.0,100.0,0.0,11.0,48.0,73.0,57.0,6.0,20.0,87.0,44.0,12.0,37.0,7.0,24.0,55.0,11.0,37.0,0.0,35.0,4.0,0.0,0.0,0.0,0.0,0.0,0.0,0.0,8.0,0.0,0.0,0.0,0.0,0.0,0.0,0.0,1.0
860187.0,0.0,64.0,38.0,10.0,23.0,25.0,46.0,45.0,22.0,13.0,28.0,39.0,21.0,20.0,0.0,14.0,14.0,27.0,28.0,18.0,48.0,16.0,16.0,0.0,25.0,0.0,33.0,28.0,44.0,38.0,44.0,33.0,56.0,0.0,18.0,0.0,0.0,25.0,0.0,4.0,7.0,0.0,30.0,0.0,32.0,34.0,86.0,6.0,2.0,28.0,60.0,46.0,5.0,12.0,46.0,35.0,24.0,69.0,10.0,0.0,49.0,15.0,35.0,0.0,18.0,4.0,0.0,0.0,0.0,0.0,1.0,0.0,0.0,14.0,1.0,0.0,0.0,0.0,0.0,0.0,1.0,1.0
404345.0,0.0,21.0,32.0,13.0,49.0,53.0,45.0,12.0,49.0,29.0,33.0,60.0,30.0,50.0,0.0,40.0,31.0,28.0,35.0,24.0,18.0,17.0,34.0,16.0,27.0,5.0,39.0,33.0,51.0,37.0,68.0,54.0,47.0,0.0,18.0,0.0,10.0,25.0,0.0,5.0,14.0,0.0,32.0,7.0,37.0,69.0,77.0,5.0,8.0,57.0,54.0,52.0,6.0,17.0,69.0,48.0,32.0,51.0,12.0,18.0,53.0,52.0,42.0,0.0,21.0,4.0,1.0,0.0,0.0,0.0,1.0,0.0,0.0,15.0,3.0,0.0,1.0,1.0,0.0,0.0,1.0,2.0
395222.0,0.0,2.0,28.0,14.0,57.0,54.0,36.0,12.0,59.0,33.0,36.0,70.0,26.0,51.0,0.0,38.0,38.0,19.0,31.0,23.0,8.0,29.0,43.0,22.0,29.0,10.0,39.0,30.0,56.0,34.0,75.0,63.0,49.0,0.0,27.0,0.0,12.0,26.0,12.0,5.0,15.0,14.0,8.0,0.0,40.0,72.0,78.0,8.0,8.0,58.0,52.0,52.0,6.0,18.0,67.0,53.0,18.0,46.0,10.0,18.0,57.0,27.0,20.0,0.0,35.0,4.0,1.0,0.0,0.0,0.0,4.0,0.0,0.0,20.0,12.0,0.0,0.0,41.0,0.0,0.0,0.0,2.0
474003.0,0.0,0.0,28.0,18.0,62.0,74.0,41.0,0.0,59.0,36.0,40.0,76.0,36.0,61.0,0.0,54.0,39.0,16.0,66.0,27.0,16.0,31.0,40.0,28.0,32.0,9.0,71.0,25.0,55.0,36.0,73.0,57.0,48.0,16.0,39.0,0.0,14.0,31.0,15.0,7.0,33.0,0.0,8.0,0.0,39.0,83.0,73.0,5.0,8.0,62.0,57.0,58.0,7.0,17.0,69.0,54.0,42.0,44.0,13.0,11.0,46.0,17.0,24.0,0.0,30.0,4.0,0.0,0.0,0.0,0.0,0.0,0.0,0.0,11.0,0.0,0.0,0.0,0.0,0.0,0.0,0.0,1.0
543236.0,0.0,0.0,41.0,51.0,42.0,74.0,47.0,0.0,54.0,31.0,47.0,52.0,23.0,40.0,0.0,49.0,69.0,11.0,41.0,28.0,0.0,36.0,65.0,23.0,35.0,0.0,47.0,31.0,51.0,43.0,66.0,51.0,46.0,20.0,42.0,0.0,10.0,29.0,23.0,6.0,46.0,0.0,9.0,0.0,49.0,62.0,79.0,5.0,0.0,34.0,63.0,61.0,6.0,29.0,82.0,62.0,0.0,59.0,12.0,37.0,54.0,12.0,17.0,0.0,53.0,4.0,0.0,0.0,0.0,0.0,0.0,0.0,0.0,13.0,0.0,0.0,0.0,0.0,0.0,0.0,0.0,1.0
514785.0,0.0,0.0,44.0,37.0,43.0,55.0,46.0,0.0,44.0,23.0,45.0,42.0,25.0,38.0,53.0,29.0,46.0,15.0,35.0,31.0,0.0,37.0,49.0,19.0,34.0,0.0,51.0,30.0,61.0,55.0,54.0,49.0,40.0,23.0,57.0,0.0,0.0,34.0,53.0,6.0,55.0,0.0,10.0,7.0,43.0,47.0,67.0,9.0,0.0,44.0,61.0,68.0,7.0,24.0,61.0,52.0,28.0,77.0,11.0,0.0,59.0,11.0,19.0,0.0,36.0,4.0,0.0,0.0,0.0,0.0,0.0,0.0,0.0,20.0,0.0,0.0,0.0,0.0,0.0,0.0,0.0,1.0
458999.0,0.0,0.0,45.0,34.0,53.0,59.0,47.0,6.0,53.0,27.0,57.0,61.0,38.0,46.0,32.0,34.0,54.0,13.0,45.0,40.0,0.0,52.0,55.0,44.0,41.0,10.0,53.0,34.0,70.0,58.0,66.0,50.0,37.0,35.0,65.0,0.0,13.0,45.0,65.0,7.0,60.0,0.0,11.0,0.0,63.0,58.0,71.0,10.0,7.0,51.0,42.0,73.0,8.0,20.0,82.0,47.0,25.0,75.0,13.0,0.0,52.0,15.0,23.0,0.0,45.0,5.0,0.0,0.0,0.0,0.0,0.0,0.0,0.0,23.0,0.0,0.0,0.0,0.0,0.0,0.0,0.0,1.0
476089.0,0.0,0.0,17.0,33.0,51.0,66.0,29.0,0.0,35.0,27.0,69.0,62.0,53.0,44.0,35.0,39.0,53.0,5.0,46.0,51.0,0.0,65.0,48.0,60.0,45.0,8.0,50.0,36.0,77.0,80.0,54.0,59.0,26.0,38.0,84.0,0.0,5.0,54.0,95.0,8.0,65.0,21.0,11.0,5.0,72.0,59.0,69.0,12.0,8.0,42.0,24.0,80.0,11.0,21.0,94.0,48.0,23.0,62.0,16.0,56.0,70.0,7.0,19.0,0.0,22.0,6.0,0.0,0.0,0.0,0.0,0.0,0.0,0.0,29.0,0.0,0.0,0.0,0.0,0.0,0.0,0.0,1.0
526142.0,0.0,0.0,33.0,43.0,53.0,63.0,37.0,0.0,53.0,25.0,72.0,65.0,62.0,46.0,48.0,31.0,58.0,8.0,29.0,54.0,0.0,68.0,52.0,61.0,49.0,8.0,38.0,39.0,70.0,39.0,51.0,60.0,37.0,60.0,85.0,0.0,8.0,51.0,75.0,9.0,69.0,16.0,12.0,0.0,73.0,57.0,69.0,3.0,8.0,39.0,30.0,44.0,10.0,23.0,96.0,48.0,24.0,43.0,13.0,42.0,64.0,6.0,22.0,0.0,35.0,6.0,0.0,0.0,0.0,0.0,0.0,0.0,0.0,3.0,0.0,0.0,0.0,0.0,0.0,0.0,0.0,1.0
595579.0,0.0,0.0,35.0,21.0,50.0,53.0,34.0,6.0,40.0,23.0,32.0,58.0,24.0,43.0,9.0,32.0,38.0,8.0,33.0,26.0,0.0,28.0,35.0,21.0,24.0,0.0,36.0,31.0,37.0,51.0,54.0,53.0,26.0,51.0,26.0,0.0,7.0,32.0,36.0,9.0,88.0,12.0,15.0,7.0,31.0,61.0,53.0,9.0,6.0,41.0,35.0,65.0,9.0,25.0,82.0,39.0,24.0,73.0,12.0,25.0,54.0,12.0,31.0,0.0,17.0,4.0,0.0,0.0,0.0,0.0,0.0,0.0,0.0,18.0,0.0,0.0,0.0,0.0,0.0,0.0,0.0,1.0
662760.0,0.0,0.0,33.0,42.0,48.0,43.0,36.0,0.0,45.0,21.0,59.0,61.0,51.0,42.0,23.0,25.0,35.0,9.0,39.0,59.0,0.0,62.0,33.0,70.0,63.0,6.0,45.0,60.0,62.0,74.0,54.0,56.0,41.0,42.0,54.0,0.0,9.0,63.0,69.0,14.0,81.0,36.0,16.0,6.0,62.0,58.0,59.0,13.0,6.0,38.0,34.0,77.0,14.0,20.0,80.0,36.0,36.0,86.0,18.0,17.0,57.0,11.0,29.0,0.0,18.0,7.0,0.0,0.0,0.0,0.0,0.0,0.0,0.0,19.0,0.0,0.0,0.0,0.0,0.0,0.0,0.0,1.0
188453.0,43.0,0.0,72.0,53.0,60.0,57.0,78.0,0.0,59.0,29.0,70.0,69.0,58.0,50.0,41.0,38.0,51.0,62.0,48.0,66.0,0.0,68.0,41.0,69.0,86.0,10.0,53.0,54.0,77.0,74.0,68.0,71.0,76.0,44.0,69.0,0.0,14.0,71.0,71.0,15.0,81.0,49.0,17.0,10.0,64.0,66.0,59.0,16.0,9.0,53.0,80.0,77.0,16.0,24.0,91.0,48.0,38.0,77.0,18.0,23.0,58.0,16.0,26.0,0.0,29.0,8.0,0.0,0.0,0.0,0.0,0.0,0.0,0.0,28.0,0.0,0.0,0.0,0.0,0.0,0.0,0.0,1.0
510183.0,0.0,0.0,45.0,59.0,62.0,63.0,47.0,4.0,73.0,30.0,69.0,66.0,49.0,63.0,94.0,39.0,59.0,39.0,47.0,71.0,8.0,68.0,39.0,78.0,77.0,12.0,55.0,59.0,79.0,37.0,66.0,73.0,42.0,0.0,63.0,0.0,11.0,82.0,66.0,17.0,76.0,60.0,15.0,0.0,73.0,58.0,59.0,0.0,13.0,47.0,61.0,62.0,15.0,22.0,93.0,48.0,53.0,45.0,19.0,27.0,54.0,10.0,25.0,0.0,33.0,10.0,0.0,0.0,1.0,0.0,0.0,0.0,0.0,13.0,0.0,0.0,0.0,0.0,0.0,0.0,0.0,1.0
616143.0,0.0,0.0,37.0,6.0,62.0,56.0,52.0,32.0,77.0,32.0,28.0,69.0,36.0,65.0,0.0,44.0,48.0,40.0,14.0,22.0,7.0,19.0,45.0,0.0,28.0,8.0,21.0,32.0,37.0,26.0,71.0,72.0,61.0,0.0,13.0,0.0,17.0,21.0,0.0,5.0,5.0,0.0,23.0,0.0,27.0,64.0,89.0,7.0,14.0,50.0,72.0,47.0,5.0,20.0,97.0,43.0,0.0,38.0,9.0,14.0,55.0,17.0,44.0,0.0,36.0,4.0,0.0,0.0,0.0,0.0,0.0,0.0,0.0,11.0,0.0,0.0,0.0,0.0,0.0,0.0,0.0,1.0
829406.0,0.0,73.0,47.0,12.0,24.0,26.0,53.0,48.0,25.0,13.0,25.0,39.0,23.0,20.0,0.0,17.0,22.0,35.0,36.0,19.0,59.0,18.0,20.0,22.0,23.0,0.0,42.0,27.0,39.0,35.0,39.0,30.0,67.0,0.0,11.0,0.0,0.0,22.0,12.0,4.0,8.0,0.0,29.0,0.0,30.0,37.0,77.0,8.0,2.0,35.0,55.0,53.0,5.0,12.0,44.0,30.0,20.0,60.0,12.0,11.0,51.0,15.0,39.0,0.0,24.0,4.0,0.0,0.0,0.0,0.0,0.0,0.0,0.0,29.0,1.0,0.0,0.0,0.0,0.0,0.0,1.0,1.0
393909.0,0.0,16.0,44.0,11.0,47.0,53.0,59.0,9.0,49.0,28.0,29.0,60.0,30.0,46.0,0.0,36.0,41.0,37.0,40.0,21.0,15.0,26.0,35.0,16.0,28.0,9.0,45.0,31.0,46.0,32.0,64.0,55.0,57.0,0.0,23.0,0.0,12.0,26.0,9.0,6.0,14.0,15.0,32.0,0.0,34.0,81.0,81.0,9.0,8.0,51.0,51.0,51.0,6.0,17.0,80.0,44.0,30.0,43.0,10.0,25.0,56.0,27.0,36.0,0.0,28.0,4.0,1.0,0.0,0.0,0.0,2.0,2.0,2.0,23.0,3.0,0.0,3.0,0.0,0.0,0.0,0.0,2.0
393646.0,0.0,0.0,36.0,20.0,57.0,57.0,45.0,6.0,54.0,34.0,37.0,71.0,25.0,60.0,0.0,59.0,43.0,23.0,45.0,24.0,12.0,31.0,42.0,18.0,29.0,10.0,46.0,36.0,56.0,36.0,67.0,64.0,42.0,13.0,29.0,0.0,18.0,24.0,8.0,5.0,17.0,0.0,7.0,9.0,44.0,67.0,77.0,8.0,12.0,55.0,54.0,58.0,5.0,18.0,75.0,54.0,34.0,51.0,11.0,22.0,50.0,19.0,38.0,0.0,31.0,4.0,0.0,0.0,0.0,0.0,2.0,1.0,0.0,29.0,72.0,0.0,0.0,1.0,0.0,0.0,0.0,9.0
408814.0,0.0,0.0,33.0,23.0,63.0,78.0,41.0,14.0,59.0,35.0,39.0,73.0,42.0,64.0,0.0,56.0,41.0,18.0,71.0,27.0,14.0,32.0,40.0,17.0,32.0,10.0,77.0,29.0,52.0,36.0,72.0,62.0,40.0,11.0,31.0,0.0,15.0,27.0,21.0,6.0,38.0,0.0,6.0,0.0,42.0,87.0,73.0,7.0,15.0,59.0,47.0,56.0,6.0,20.0,75.0,50.0,33.0,46.0,12.0,26.0,46.0,20.0,24.0,0.0,22.0,4.0,0.0,0.0,0.0,0.0,0.0,0.0,0.0,19.0,0.0,0.0,0.0,0.0,0.0,0.0,0.0,1.0
444438.0,0.0,0.0,42.0,32.0,39.0,62.0,44.0,0.0,63.0,34.0,48.0,50.0,31.0,51.0,0.0,51.0,69.0,20.0,47.0,31.0,0.0,41.0,59.0,30.0,35.0,0.0,55.0,33.0,53.0,37.0,67.0,49.0,44.0,21.0,55.0,0.0,0.0,29.0,34.0,6.0,55.0,0.0,8.0,0.0,50.0,79.0,67.0,6.0,0.0,33.0,56.0,54.0,7.0,29.0,75.0,60.0,38.0,64.0,12.0,51.0,53.0,13.0,19.0,0.0,40.0,4.0,0.0,0.0,0.0,0.0,0.0,0.0,0.0,28.0,0.0,0.0,0.0,0.0,0.0,0.0,0.0,1.0
431151.0,0.0,0.0,49.0,31.0,44.0,54.0,44.0,0.0,41.0,29.0,44.0,51.0,31.0,48.0,41.0,31.0,47.0,16.0,41.0,30.0,0.0,32.0,47.0,24.0,33.0,0.0,52.0,29.0,49.0,49.0,54.0,49.0,41.0,29.0,49.0,0.0,7.0,32.0,41.0,6.0,55.0,0.0,10.0,10.0,44.0,48.0,63.0,12.0,0.0,42.0,42.0,71.0,6.0,26.0,70.0,49.0,42.0,70.0,11.0,42.0,56.0,16.0,16.0,0.0,41.0,4.0,0.0,0.0,0.0,0.0,0.0,0.0,0.0,30.0,0.0,0.0,0.0,0.0,0.0,0.0,0.0,1.0
434775.0,0.0,0.0,44.0,40.0,53.0,53.0,47.0,0.0,51.0,33.0,58.0,69.0,40.0,56.0,38.0,39.0,57.0,14.0,49.0,40.0,0.0,55.0,51.0,45.0,41.0,9.0,52.0,37.0,63.0,55.0,61.0,54.0,36.0,28.0,69.0,0.0,7.0,38.0,60.0,7.0,68.0,0.0,10.0,5.0,56.0,40.0,66.0,14.0,11.0,41.0,43.0,73.0,8.0,23.0,65.0,44.0,62.0,68.0,12.0,36.0,58.0,19.0,21.0,0.0,25.0,5.0,0.0,0.0,0.0,0.0,0.0,0.0,0.0,36.0,0.0,0.0,0.0,0.0,0.0,0.0,0.0,1.0
409430.0,0.0,0.0,23.0,33.0,55.0,61.0,29.0,0.0,58.0,32.0,68.0,63.0,47.0,62.0,45.0,42.0,60.0,8.0,45.0,51.0,0.0,59.0,47.0,58.0,42.0,7.0,45.0,37.0,74.0,78.0,49.0,70.0,26.0,48.0,93.0,0.0,13.0,45.0,79.0,8.0,63.0,24.0,11.0,9.0,74.0,58.0,63.0,14.0,11.0,36.0,17.0,79.0,9.0,22.0,78.0,45.0,30.0,67.0,13.0,57.0,96.0,9.0,20.0,0.0,38.0,5.0,0.0,0.0,0.0,0.0,0.0,0.0,0.0,42.0,0.0,0.0,0.0,0.0,0.0,0.0,0.0,1.0
467511.0,0.0,0.0,39.0,37.0,51.0,58.0,42.0,0.0,41.0,27.0,66.0,66.0,61.0,48.0,52.0,37.0,43.0,9.0,36.0,53.0,0.0,63.0,44.0,58.0,50.0,12.0,40.0,39.0,70.0,37.0,47.0,55.0,37.0,54.0,87.0,23.0,9.0,50.0,91.0,8.0,74.0,20.0,13.0,0.0,69.0,49.0,64.0,4.0,10.0,37.0,31.0,40.0,10.0,23.0,71.0,38.0,28.0,42.0,14.0,26.0,61.0,7.0,20.0,0.0,31.0,5.0,0.0,0.0,0.0,0.0,0.0,0.0,0.0,9.0,0.0,0.0,0.0,0.0,0.0,0.0,0.0,1.0
523395.0,0.0,0.0,37.0,27.0,51.0,43.0,36.0,0.0,42.0,26.0,35.0,75.0,25.0,57.0,19.0,35.0,40.0,7.0,39.0,27.0,0.0,29.0,30.0,24.0,26.0,9.0,39.0,25.0,32.0,52.0,46.0,61.0,30.0,45.0,23.0,0.0,12.0,30.0,42.0,10.0,76.0,19.0,14.0,4.0,28.0,63.0,46.0,12.0,11.0,33.0,28.0,62.0,10.0,25.0,63.0,41.0,21.0,60.0,13.0,29.0,54.0,17.0,31.0,0.0,18.0,4.0,0.0,0.0,0.0,0.0,0.0,0.0,0.0,23.0,0.0,0.0,0.0,0.0,0.0,0.0,0.0,1.0
535809.0,0.0,0.0,38.0,42.0,58.0,43.0,39.0,6.0,55.0,26.0,66.0,60.0,60.0,51.0,39.0,34.0,40.0,10.0,43.0,56.0,0.0,76.0,35.0,65.0,57.0,12.0,45.0,44.0,59.0,62.0,50.0,64.0,42.0,47.0,57.0,0.0,11.0,56.0,77.0,13.0,80.0,38.0,16.0,5.0,60.0,61.0,58.0,19.0,9.0,40.0,26.0,68.0,14.0,23.0,65.0,33.0,43.0,68.0,17.0,0.0,60.0,0.0,34.0,0.0,27.0,5.0,0.0,0.0,0.0,0.0,0.0,0.0,0.0,31.0,1.0,0.0,0.0,0.0,0.0,0.0,0.0,1.0
142806.0,49.0,0.0,62.0,50.0,60.0,53.0,68.0,6.0,69.0,31.0,66.0,71.0,52.0,63.0,62.0,45.0,47.0,55.0,63.0,65.0,8.0,68.0,39.0,71.0,73.0,16.0,55.0,62.0,72.0,68.0,60.0,78.0,66.0,48.0,63.0,0.0,18.0,70.0,66.0,16.0,78.0,45.0,17.0,15.0,62.0,62.0,57.0,19.0,14.0,40.0,72.0,81.0,16.0,22.0,72.0,39.0,55.0,83.0,19.0,30.0,60.0,12.0,30.0,0.0,28.0,8.0,0.0,0.0,0.0,0.0,0.0,0.0,0.0,49.0,0.0,0.0,0.0,0.0,0.0,0.0,0.0,1.0
475089.0,0.0,0.0,53.0,62.0,66.0,53.0,48.0,5.0,74.0,36.0,75.0,68.0,57.0,67.0,78.0,45.0,58.0,48.0,56.0,73.0,6.0,71.0,36.0,71.0,86.0,9.0,69.0,53.0,76.0,36.0,65.0,82.0,42.0,0.0,60.0,17.0,16.0,79.0,66.0,17.0,76.0,54.0,14.0,0.0,72.0,62.0,57.0,9.0,15.0,44.0,63.0,58.0,15.0,24.0,76.0,38.0,65.0,46.0,19.0,28.0,48.0,21.0,31.0,0.0,21.0,9.0,0.0,0.0,1.0,1.0,0.0,0.0,0.0,23.0,0.0,0.0,0.0,0.0,0.0,0.0,0.0,1.0
500010.0,0.0,0.0,44.0,6.0,73.0,59.0,52.0,33.0,71.0,42.0,28.0,68.0,27.0,71.0,0.0,56.0,63.0,41.0,19.0,21.0,0.0,20.0,45.0,0.0,27.0,15.0,26.0,42.0,43.0,30.0,75.0,89.0,40.0,0.0,15.0,0.0,21.0,18.0,0.0,5.0,4.0,0.0,21.0,0.0,27.0,67.0,85.0,8.0,18.0,50.0,69.0,49.0,7.0,22.0,78.0,43.0,0.0,40.0,9.0,29.0,64.0,17.0,37.0,0.0,34.0,4.0,0.0,0.0,0.0,0.0,0.0,0.0,0.0,25.0,0.0,0.0,0.0,0.0,0.0,0.0,0.0,1.0
699434.0,0.0,60.0,50.0,11.0,28.0,28.0,45.0,46.0,27.0,18.0,27.0,40.0,14.0,24.0,0.0,20.0,23.0,33.0,36.0,16.0,56.0,14.0,23.0,0.0,27.0,6.0,46.0,26.0,37.0,39.0,37.0,33.0,37.0,0.0,13.0,0.0,6.0,21.0,0.0,5.0,10.0,0.0,36.0,0.0,40.0,32.0,74.0,12.0,4.0,29.0,46.0,46.0,5.0,11.0,41.0,28.0,30.0,54.0,10.0,0.0,49.0,25.0,30.0,0.0,15.0,4.0,1.0,0.0,0.0,0.0,1.0,0.0,0.0,37.0,2.0,0.0,0.0,0.0,0.0,0.0,1.0,1.0
488256.0,0.0,17.0,40.0,21.0,51.0,51.0,46.0,8.0,45.0,32.0,35.0,56.0,35.0,55.0,0.0,42.0,50.0,23.0,50.0,24.0,22.0,28.0,30.0,13.0,27.0,11.0,46.0,41.0,38.0,41.0,56.0,60.0,34.0,0.0,21.0,0.0,17.0,25.0,10.0,6.0,12.0,0.0,31.0,7.0,32.0,71.0,75.0,9.0,13.0,46.0,44.0,51.0,6.0,19.0,66.0,45.0,36.0,29.0,11.0,23.0,57.0,29.0,42.0,0.0,27.0,4.0,3.0,0.0,0.0,0.0,2.0,0.0,0.0,37.0,3.0,0.0,1.0,9.0,0.0,0.0,1.0,2.0
451442.0,0.0,5.0,59.0,17.0,100.0,76.0,37.0,5.0,47.0,49.0,35.0,90.0,28.0,49.0,0.0,39.0,50.0,19.0,61.0,22.0,17.0,24.0,33.0,12.0,27.0,10.0,58.0,40.0,51.0,35.0,67.0,83.0,28.0,8.0,27.0,0.0,16.0,23.0,8.0,6.0,17.0,16.0,7.0,0.0,35.0,58.0,69.0,11.0,10.0,51.0,41.0,55.0,6.0,100.0,63.0,61.0,41.0,43.0,11.0,27.0,49.0,17.0,30.0,0.0,25.0,4.0,1.0,0.0,0.0,0.0,1.0,0.0,0.0,32.0,3.0,0.0,1.0,0.0,0.0,0.0,0.0,2.0
465188.0,0.0,0.0,44.0,31.0,72.0,83.0,41.0,0.0,60.0,43.0,44.0,73.0,27.0,72.0,0.0,77.0,57.0,16.0,69.0,26.0,20.0,41.0,42.0,16.0,31.0,19.0,75.0,33.0,51.0,35.0,73.0,75.0,26.0,14.0,32.0,0.0,27.0,26.0,18.0,6.0,33.0,0.0,7.0,5.0,39.0,87.0,63.0,8.0,22.0,59.0,36.0,51.0,7.0,19.0,69.0,51.0,0.0,43.0,13.0,40.0,45.0,15.0,26.0,0.0,36.0,4.0,0.0,0.0,0.0,0.0,0.0,0.0,0.0,33.0,0.0,0.0,0.0,0.0,0.0,0.0,0.0,1.0
500574.0,0.0,0.0,37.0,27.0,43.0,62.0,46.0,0.0,41.0,35.0,43.0,50.0,27.0,65.0,31.0,51.0,71.0,13.0,36.0,29.0,0.0,34.0,56.0,22.0,34.0,0.0,51.0,34.0,48.0,44.0,65.0,57.0,32.0,21.0,40.0,0.0,0.0,26.0,25.0,6.0,48.0,0.0,8.0,0.0,42.0,57.0,62.0,11.0,17.0,34.0,47.0,56.0,8.0,29.0,87.0,55.0,0.0,40.0,12.0,71.0,50.0,10.0,16.0,0.0,60.0,4.0,0.0,0.0,0.0,0.0,0.0,0.0,0.0,32.0,0.0,0.0,0.0,0.0,0.0,0.0,0.0,1.0
483134.0,0.0,0.0,50.0,31.0,46.0,54.0,46.0,0.0,44.0,32.0,50.0,61.0,30.0,64.0,25.0,37.0,52.0,16.0,40.0,30.0,0.0,42.0,40.0,19.0,36.0,11.0,48.0,34.0,54.0,51.0,48.0,49.0,31.0,28.0,56.0,0.0,21.0,31.0,41.0,6.0,49.0,11.0,11.0,10.0,45.0,58.0,57.0,17.0,13.0,28.0,38.0,65.0,8.0,26.0,59.0,54.0,38.0,53.0,12.0,24.0,56.0,8.0,20.0,0.0,27.0,4.0,0.0,0.0,0.0,0.0,0.0,0.0,0.0,51.0,0.0,0.0,0.0,0.0,0.0,0.0,0.0,1.0
468856.0,0.0,0.0,46.0,34.0,50.0,50.0,53.0,0.0,37.0,32.0,64.0,59.0,53.0,61.0,50.0,43.0,40.0,12.0,60.0,43.0,0.0,61.0,44.0,50.0,41.0,9.0,47.0,40.0,60.0,57.0,53.0,55.0,36.0,37.0,72.0,0.0,11.0,35.0,65.0,7.0,67.0,0.0,11.0,10.0,59.0,51.0,62.0,20.0,15.0,41.0,42.0,65.0,9.0,21.0,61.0,42.0,34.0,65.0,12.0,41.0,58.0,15.0,16.0,0.0,40.0,5.0,0.0,0.0,0.0,0.0,0.0,0.0,0.0,50.0,0.0,0.0,0.0,0.0,0.0,0.0,0.0,1.0
463026.0,0.0,0.0,23.0,32.0,51.0,53.0,30.0,0.0,53.0,30.0,65.0,66.0,62.0,67.0,41.0,37.0,52.0,8.0,39.0,47.0,0.0,62.0,38.0,47.0,47.0,12.0,41.0,46.0,68.0,85.0,49.0,56.0,24.0,39.0,86.0,0.0,13.0,46.0,87.0,8.0,64.0,14.0,12.0,11.0,67.0,42.0,60.0,22.0,17.0,31.0,17.0,78.0,10.0,23.0,72.0,42.0,25.0,84.0,14.0,51.0,73.0,10.0,20.0,0.0,30.0,5.0,0.0,0.0,0.0,0.0,0.0,0.0,0.0,62.0,0.0,0.0,0.0,0.0,0.0,0.0,0.0,1.0
571957.0,0.0,0.0,43.0,39.0,49.0,53.0,39.0,0.0,38.0,28.0,74.0,67.0,74.0,58.0,42.0,43.0,44.0,7.0,37.0,55.0,0.0,66.0,36.0,63.0,53.0,10.0,41.0,44.0,69.0,31.0,43.0,60.0,28.0,40.0,81.0,21.0,12.0,48.0,86.0,9.0,67.0,24.0,13.0,6.0,83.0,48.0,59.0,7.0,14.0,30.0,26.0,33.0,11.0,25.0,60.0,34.0,37.0,37.0,15.0,27.0,62.0,60.0,22.0,0.0,24.0,5.0,0.0,0.0,0.0,0.0,0.0,0.0,0.0,19.0,0.0,0.0,0.0,0.0,0.0,0.0,0.0,1.0
652600.0,0.0,0.0,41.0,25.0,55.0,46.0,35.0,6.0,45.0,29.0,36.0,78.0,35.0,69.0,16.0,49.0,44.0,6.0,43.0,26.0,0.0,29.0,30.0,26.0,27.0,14.0,44.0,26.0,29.0,60.0,43.0,63.0,22.0,46.0,24.0,0.0,14.0,30.0,43.0,9.0,67.0,11.0,16.0,8.0,30.0,59.0,42.0,19.0,14.0,34.0,20.0,61.0,10.0,27.0,58.0,35.0,44.0,50.0,12.0,54.0,75.0,14.0,28.0,0.0,26.0,4.0,0.0,39.0,0.0,0.0,0.0,0.0,0.0,42.0,1.0,0.0,0.0,0.0,0.0,0.0,0.0,1.0
657350.0,0.0,0.0,41.0,40.0,61.0,48.0,42.0,7.0,49.0,29.0,60.0,73.0,55.0,63.0,32.0,38.0,45.0,0.0,44.0,53.0,0.0,62.0,33.0,64.0,57.0,17.0,50.0,54.0,55.0,62.0,53.0,64.0,36.0,45.0,57.0,0.0,15.0,51.0,70.0,13.0,72.0,39.0,20.0,10.0,66.0,56.0,49.0,18.0,15.0,35.0,26.0,70.0,14.0,23.0,61.0,33.0,37.0,50.0,18.0,30.0,64.0,11.0,28.0,0.0,27.0,6.0,0.0,0.0,0.0,0.0,0.0,0.0,0.0,26.0,0.0,0.0,0.0,0.0,0.0,0.0,0.0,1.0
248642.0,63.0,0.0,68.0,84.0,69.0,56.0,66.0,0.0,70.0,36.0,66.0,75.0,39.0,73.0,34.0,55.0,59.0,58.0,58.0,64.0,8.0,57.0,37.0,49.0,66.0,26.0,58.0,61.0,79.0,81.0,65.0,79.0,63.0,46.0,72.0,16.0,24.0,69.0,80.0,29.0,78.0,46.0,21.0,22.0,63.0,60.0,45.0,29.0,25.0,43.0,76.0,78.0,23.0,25.0,70.0,46.0,55.0,82.0,100.0,30.0,58.0,13.0,30.0,0.0,43.0,17.0,0.0,0.0,100.0,100.0,0.0,0.0,0.0,69.0,0.0,0.0,0.0,0.0,100.0,0.0,0.0,1.0
636775.0,0.0,0.0,45.0,72.0,68.0,53.0,50.0,0.0,67.0,41.0,74.0,67.0,67.0,85.0,79.0,59.0,58.0,35.0,70.0,74.0,7.0,70.0,35.0,76.0,87.0,19.0,68.0,60.0,85.0,33.0,66.0,93.0,43.0,0.0,72.0,23.0,23.0,74.0,72.0,16.0,73.0,68.0,15.0,0.0,74.0,65.0,48.0,15.0,29.0,44.0,56.0,61.0,15.0,24.0,71.0,39.0,47.0,45.0,20.0,23.0,51.0,0.0,26.0,0.0,23.0,8.0,0.0,0.0,2.0,1.0,0.0,0.0,0.0,35.0,0.0,0.0,0.0,0.0,0.0,0.0,0.0,1.0
651793.0,0.0,0.0,53.0,7.0,68.0,54.0,45.0,41.0,83.0,39.0,27.0,63.0,24.0,87.0,0.0,53.0,63.0,21.0,24.0,22.0,0.0,12.0,38.0,16.0,29.0,24.0,35.0,47.0,37.0,32.0,70.0,94.0,33.0,0.0,24.0,0.0,21.0,19.0,0.0,5.0,3.0,0.0,24.0,0.0,28.0,58.0,87.0,11.0,34.0,49.0,54.0,42.0,6.0,21.0,77.0,37.0,13.0,32.0,8.0,25.0,48.0,12.0,45.0,0.0,30.0,4.0,0.0,0.0,0.0,0.0,0.0,0.0,0.0,45.0,0.0,0.0,0.0,0.0,0.0,0.0,0.0,1.0
871449.0,0.0,80.0,43.0,11.0,35.0,33.0,51.0,39.0,25.0,24.0,31.0,38.0,18.0,35.0,0.0,25.0,37.0,26.0,44.0,15.0,100.0,19.0,27.0,0.0,26.0,5.0,52.0,37.0,35.0,36.0,62.0,39.0,37.0,0.0,13.0,0.0,11.0,19.0,0.0,4.0,8.0,0.0,29.0,8.0,24.0,35.0,78.0,12.0,11.0,45.0,43.0,43.0,7.0,11.0,55.0,32.0,37.0,33.0,9.0,12.0,45.0,34.0,26.0,0.0,27.0,4.0,0.0,0.0,0.0,0.0,0.0,0.0,0.0,46.0,4.0,0.0,0.0,0.0,0.0,0.0,1.0,1.0
372583.0,0.0,14.0,59.0,12.0,54.0,56.0,42.0,8.0,39.0,36.0,27.0,64.0,28.0,61.0,0.0,59.0,53.0,18.0,36.0,24.0,16.0,23.0,36.0,17.0,28.0,16.0,38.0,43.0,42.0,36.0,63.0,72.0,32.0,0.0,21.0,0.0,24.0,20.0,0.0,5.0,14.0,0.0,31.0,10.0,31.0,89.0,63.0,18.0,20.0,47.0,34.0,56.0,6.0,19.0,59.0,49.0,21.0,30.0,10.0,23.0,58.0,17.0,31.0,0.0,24.0,4.0,1.0,0.0,0.0,0.0,1.0,0.0,0.0,59.0,6.0,0.0,1.0,1.0,0.0,0.0,1.0,1.0
340267.0,0.0,3.0,41.0,17.0,54.0,53.0,42.0,5.0,41.0,34.0,33.0,71.0,30.0,58.0,0.0,65.0,42.0,16.0,52.0,24.0,14.0,25.0,29.0,22.0,28.0,12.0,59.0,41.0,43.0,35.0,54.0,65.0,26.0,9.0,19.0,0.0,21.0,21.0,13.0,5.0,20.0,18.0,6.0,9.0,38.0,60.0,64.0,14.0,16.0,48.0,37.0,52.0,6.0,20.0,47.0,42.0,35.0,31.0,10.0,26.0,44.0,19.0,18.0,0.0,22.0,4.0,0.0,0.0,0.0,0.0,1.0,0.0,0.0,46.0,2.0,0.0,0.0,0.0,0.0,0.0,0.0,2.0
353943.0,0.0,0.0,41.0,35.0,75.0,82.0,47.0,0.0,66.0,53.0,36.0,76.0,30.0,94.0,0.0,90.0,60.0,20.0,71.0,26.0,22.0,28.0,38.0,21.0,30.0,25.0,73.0,39.0,38.0,42.0,74.0,76.0,29.0,11.0,31.0,0.0,34.0,21.0,23.0,7.0,32.0,0.0,7.0,11.0,36.0,79.0,61.0,12.0,27.0,62.0,39.0,48.0,9.0,21.0,66.0,47.0,35.0,37.0,14.0,28.0,47.0,18.0,16.0,0.0,44.0,4.0,0.0,0.0,0.0,0.0,0.0,0.0,0.0,47.0,0.0,0.0,0.0,0.0,0.0,0.0,0.0,1.0
391344.0,0.0,0.0,48.0,24.0,39.0,46.0,49.0,0.0,50.0,30.0,41.0,47.0,32.0,60.0,21.0,42.0,62.0,16.0,41.0,30.0,0.0,36.0,46.0,31.0,36.0,0.0,48.0,47.0,54.0,50.0,57.0,45.0,34.0,21.0,34.0,0.0,10.0,24.0,25.0,7.0,44.0,0.0,7.0,11.0,39.0,39.0,59.0,15.0,12.0,29.0,52.0,58.0,8.0,26.0,71.0,52.0,27.0,52.0,12.0,65.0,58.0,10.0,19.0,0.0,41.0,4.0,0.0,0.0,0.0,0.0,0.0,0.0,0.0,47.0,0.0,0.0,0.0,0.0,0.0,0.0,0.0,1.0
373381.0,0.0,0.0,55.0,28.0,43.0,50.0,42.0,0.0,26.0,30.0,47.0,58.0,37.0,57.0,32.0,35.0,47.0,13.0,39.0,35.0,0.0,39.0,38.0,35.0,36.0,19.0,47.0,44.0,53.0,55.0,48.0,44.0,27.0,34.0,53.0,0.0,16.0,30.0,49.0,6.0,51.0,0.0,8.0,20.0,43.0,33.0,56.0,27.0,18.0,37.0,39.0,67.0,8.0,23.0,57.0,43.0,32.0,49.0,11.0,0.0,55.0,8.0,12.0,0.0,22.0,5.0,0.0,0.0,0.0,0.0,0.0,0.0,0.0,71.0,0.0,0.0,0.0,0.0,0.0,0.0,0.0,1.0
346872.0,0.0,0.0,47.0,38.0,42.0,47.0,52.0,7.0,35.0,28.0,62.0,58.0,52.0,56.0,48.0,41.0,46.0,12.0,56.0,43.0,0.0,54.0,34.0,44.0,44.0,10.0,52.0,52.0,58.0,63.0,45.0,51.0,33.0,29.0,74.0,16.0,16.0,37.0,60.0,8.0,61.0,0.0,9.0,20.0,62.0,50.0,59.0,26.0,22.0,30.0,40.0,64.0,9.0,18.0,49.0,43.0,43.0,61.0,12.0,27.0,55.0,27.0,21.0,0.0,37.0,5.0,0.0,0.0,0.0,0.0,0.0,0.0,0.0,60.0,0.0,0.0,0.0,0.0,0.0,0.0,0.0,1.0
386305.0,0.0,0.0,57.0,30.0,51.0,50.0,37.0,0.0,45.0,30.0,70.0,62.0,59.0,64.0,35.0,43.0,46.0,9.0,40.0,50.0,0.0,64.0,33.0,52.0,48.0,14.0,41.0,70.0,64.0,93.0,41.0,63.0,30.0,49.0,83.0,0.0,16.0,42.0,83.0,9.0,60.0,22.0,10.0,17.0,64.0,49.0,51.0,30.0,24.0,32.0,24.0,75.0,10.0,23.0,61.0,39.0,27.0,78.0,12.0,39.0,99.0,12.0,19.0,0.0,15.0,5.0,0.0,0.0,0.0,0.0,0.0,0.0,0.0,78.0,0.0,0.0,0.0,0.0,0.0,0.0,0.0,1.0
469137.0,0.0,0.0,41.0,36.0,53.0,51.0,43.0,0.0,41.0,31.0,71.0,73.0,65.0,73.0,40.0,51.0,43.0,9.0,29.0,52.0,0.0,69.0,31.0,58.0,50.0,11.0,39.0,67.0,61.0,39.0,39.0,60.0,27.0,45.0,74.0,17.0,13.0,45.0,80.0,9.0,67.0,23.0,13.0,6.0,71.0,54.0,55.0,16.0,22.0,29.0,27.0,35.0,10.0,23.0,57.0,33.0,27.0,39.0,15.0,16.0,61.0,21.0,21.0,0.0,18.0,5.0,0.0,0.0,0.0,0.0,0.0,0.0,0.0,37.0,0.0,0.0,0.0,0.0,0.0,0.0,0.0,1.0
557185.0,0.0,0.0,37.0,28.0,47.0,42.0,29.0,0.0,42.0,26.0,39.0,69.0,32.0,57.0,19.0,39.0,34.0,5.0,40.0,33.0,0.0,31.0,27.0,26.0,30.0,10.0,42.0,32.0,37.0,63.0,41.0,56.0,22.0,49.0,25.0,0.0,8.0,36.0,41.0,10.0,68.0,15.0,16.0,18.0,36.0,57.0,41.0,27.0,17.0,33.0,20.0,59.0,9.0,27.0,49.0,34.0,22.0,56.0,13.0,35.0,60.0,32.0,78.0,0.0,24.0,5.0,0.0,0.0,0.0,0.0,0.0,0.0,0.0,61.0,0.0,0.0,0.0,0.0,0.0,0.0,0.0,1.0
518103.0,0.0,0.0,47.0,44.0,70.0,41.0,46.0,0.0,52.0,30.0,68.0,68.0,62.0,70.0,36.0,42.0,44.0,8.0,52.0,59.0,0.0,64.0,29.0,63.0,56.0,16.0,52.0,65.0,58.0,64.0,56.0,64.0,32.0,35.0,59.0,13.0,19.0,52.0,72.0,14.0,73.0,42.0,19.0,16.0,67.0,60.0,49.0,23.0,25.0,38.0,29.0,65.0,15.0,22.0,62.0,34.0,43.0,45.0,17.0,20.0,79.0,0.0,30.0,0.0,21.0,5.0,0.0,0.0,0.0,0.0,0.0,0.0,0.0,49.0,0.0,0.0,1.0,0.0,0.0,0.0,0.0,1.0
178544.0,60.0,0.0,77.0,78.0,67.0,53.0,64.0,0.0,71.0,32.0,58.0,68.0,47.0,68.0,41.0,54.0,56.0,55.0,51.0,52.0,0.0,53.0,32.0,48.0,59.0,30.0,52.0,87.0,61.0,85.0,62.0,75.0,55.0,41.0,59.0,0.0,26.0,54.0,58.0,17.0,70.0,42.0,18.0,24.0,56.0,62.0,44.0,34.0,36.0,42.0,59.0,74.0,17.0,26.0,68.0,39.0,46.0,81.0,19.0,28.0,54.0,12.0,21.0,1.0,27.0,7.0,0.0,0.0,10.0,6.0,0.0,0.0,0.0,91.0,1.0,0.0,0.0,0.0,3.0,0.0,0.0,1.0
494013.0,0.0,0.0,40.0,87.0,69.0,52.0,48.0,0.0,59.0,36.0,78.0,71.0,67.0,79.0,70.0,60.0,59.0,34.0,69.0,80.0,0.0,76.0,32.0,79.0,83.0,21.0,62.0,94.0,86.0,37.0,63.0,83.0,34.0,0.0,68.0,21.0,25.0,72.0,91.0,16.0,70.0,75.0,14.0,0.0,76.0,49.0,47.0,16.0,37.0,45.0,52.0,50.0,16.0,23.0,64.0,36.0,42.0,37.0,24.0,19.0,50.0,10.0,30.0,0.0,26.0,8.0,0.0,0.0,1.0,1.0,0.0,0.0,0.0,38.0,0.0,0.0,0.0,0.0,0.0,0.0,0.0,1.0
526626.0,0.0,0.0,47.0,5.0,70.0,54.0,43.0,28.0,75.0,40.0,26.0,66.0,28.0,90.0,0.0,57.0,65.0,24.0,23.0,20.0,5.0,21.0,35.0,21.0,27.0,31.0,29.0,47.0,31.0,27.0,73.0,79.0,33.0,0.0,13.0,0.0,34.0,18.0,0.0,5.0,5.0,0.0,31.0,17.0,29.0,63.0,76.0,18.0,37.0,46.0,51.0,37.0,6.0,21.0,72.0,39.0,0.0,24.0,8.0,20.0,42.0,8.0,36.0,0.0,29.0,4.0,0.0,0.0,0.0,0.0,0.0,0.0,0.0,43.0,1.0,0.0,0.0,0.0,0.0,0.0,1.0,1.0
720467.0,0.0,79.0,43.0,10.0,28.0,28.0,44.0,22.0,32.0,19.0,26.0,39.0,18.0,25.0,0.0,22.0,31.0,26.0,42.0,22.0,62.0,23.0,19.0,13.0,26.0,11.0,46.0,39.0,33.0,29.0,52.0,34.0,33.0,0.0,18.0,0.0,14.0,18.0,0.0,4.0,7.0,0.0,28.0,9.0,24.0,45.0,69.0,19.0,14.0,32.0,41.0,45.0,5.0,11.0,40.0,36.0,23.0,32.0,7.0,14.0,46.0,26.0,25.0,0.0,20.0,4.0,3.0,0.0,0.0,0.0,10.0,1.0,1.0,48.0,27.0,0.0,17.0,4.0,0.0,1.0,1.0,5.0
391648.0,0.0,7.0,45.0,12.0,58.0,53.0,43.0,6.0,51.0,38.0,28.0,65.0,15.0,59.0,0.0,57.0,50.0,16.0,41.0,21.0,17.0,20.0,34.0,15.0,26.0,22.0,42.0,49.0,37.0,35.0,62.0,64.0,28.0,0.0,16.0,0.0,28.0,19.0,8.0,5.0,14.0,0.0,32.0,13.0,27.0,81.0,69.0,20.0,25.0,50.0,34.0,49.0,5.0,24.0,56.0,47.0,23.0,31.0,10.0,13.0,48.0,52.0,33.0,0.0,31.0,4.0,1.0,0.0,0.0,0.0,1.0,0.0,0.0,67.0,3.0,0.0,1.0,1.0,0.0,0.0,1.0,1.0
389041.0,0.0,0.0,39.0,10.0,58.0,53.0,31.0,8.0,40.0,34.0,34.0,65.0,26.0,65.0,0.0,62.0,44.0,9.0,54.0,27.0,15.0,26.0,29.0,27.0,29.0,16.0,54.0,45.0,44.0,36.0,56.0,58.0,21.0,11.0,22.0,0.0,29.0,18.0,0.0,6.0,22.0,20.0,6.0,8.0,32.0,73.0,64.0,20.0,29.0,48.0,34.0,47.0,6.0,18.0,48.0,44.0,30.0,22.0,11.0,24.0,54.0,17.0,17.0,0.0,20.0,4.0,0.0,0.0,0.0,0.0,1.0,0.0,0.0,64.0,2.0,0.0,0.0,0.0,0.0,0.0,0.0,2.0
398075.0,0.0,0.0,47.0,23.0,78.0,84.0,44.0,0.0,71.0,47.0,35.0,79.0,29.0,89.0,0.0,100.0,65.0,22.0,66.0,25.0,18.0,23.0,36.0,22.0,30.0,26.0,65.0,55.0,39.0,31.0,73.0,73.0,29.0,11.0,26.0,0.0,35.0,21.0,16.0,6.0,41.0,0.0,5.0,11.0,39.0,87.0,57.0,14.0,43.0,62.0,42.0,44.0,8.0,22.0,61.0,51.0,0.0,24.0,14.0,23.0,42.0,16.0,22.0,0.0,33.0,4.0,0.0,0.0,0.0,0.0,0.0,0.0,0.0,48.0,0.0,0.0,0.0,0.0,0.0,0.0,0.0,1.0
456865.0,0.0,0.0,57.0,60.0,41.0,49.0,43.0,0.0,42.0,35.0,36.0,51.0,30.0,55.0,13.0,48.0,53.0,14.0,35.0,31.0,0.0,35.0,40.0,27.0,31.0,17.0,46.0,37.0,56.0,44.0,53.0,47.0,27.0,21.0,36.0,0.0,22.0,22.0,36.0,7.0,46.0,0.0,7.0,17.0,47.0,46.0,50.0,23.0,18.0,33.0,44.0,50.0,7.0,25.0,75.0,55.0,24.0,48.0,13.0,77.0,54.0,10.0,19.0,0.0,0.0,4.0,0.0,0.0,0.0,0.0,0.0,0.0,0.0,61.0,0.0,0.0,0.0,0.0,0.0,0.0,0.0,1.0
424087.0,0.0,0.0,48.0,24.0,40.0,44.0,41.0,0.0,39.0,24.0,51.0,49.0,30.0,45.0,26.0,32.0,46.0,11.0,36.0,35.0,0.0,41.0,32.0,29.0,38.0,14.0,44.0,51.0,48.0,54.0,41.0,45.0,27.0,30.0,52.0,0.0,18.0,30.0,51.0,7.0,52.0,0.0,8.0,26.0,46.0,45.0,50.0,29.0,19.0,30.0,41.0,60.0,8.0,23.0,54.0,48.0,26.0,46.0,11.0,46.0,53.0,10.0,16.0,0.0,21.0,4.0,0.0,0.0,0.0,0.0,0.0,0.0,0.0,66.0,0.0,0.0,0.0,0.0,0.0,0.0,0.0,1.0
402610.0,0.0,0.0,50.0,36.0,45.0,51.0,49.0,7.0,37.0,27.0,57.0,56.0,47.0,50.0,42.0,39.0,53.0,14.0,43.0,36.0,0.0,50.0,38.0,41.0,41.0,19.0,48.0,51.0,56.0,58.0,47.0,51.0,32.0,29.0,81.0,19.0,28.0,36.0,71.0,9.0,60.0,0.0,9.0,19.0,64.0,46.0,56.0,34.0,28.0,34.0,37.0,59.0,10.0,19.0,56.0,39.0,34.0,51.0,13.0,32.0,55.0,15.0,18.0,0.0,27.0,5.0,0.0,0.0,0.0,0.0,0.0,0.0,0.0,71.0,0.0,0.0,1.0,0.0,0.0,0.0,0.0,1.0
460774.0,0.0,0.0,31.0,33.0,52.0,54.0,34.0,6.0,42.0,29.0,62.0,62.0,53.0,59.0,28.0,44.0,49.0,7.0,52.0,47.0,0.0,54.0,35.0,49.0,47.0,18.0,41.0,69.0,55.0,80.0,43.0,67.0,23.0,48.0,78.0,16.0,19.0,39.0,90.0,9.0,60.0,25.0,10.0,21.0,70.0,57.0,50.0,39.0,35.0,31.0,16.0,71.0,10.0,21.0,72.0,36.0,36.0,84.0,12.0,39.0,83.0,7.0,15.0,0.0,38.0,5.0,0.0,0.0,0.0,0.0,0.0,0.0,0.0,85.0,0.0,0.0,0.0,0.0,0.0,0.0,0.0,1.0
530583.0,0.0,0.0,41.0,32.0,51.0,43.0,41.0,0.0,36.0,27.0,68.0,68.0,50.0,62.0,36.0,39.0,44.0,7.0,27.0,50.0,8.0,62.0,28.0,59.0,52.0,17.0,33.0,75.0,56.0,39.0,37.0,57.0,28.0,43.0,81.0,15.0,21.0,43.0,84.0,9.0,71.0,31.0,12.0,12.0,67.0,41.0,56.0,19.0,28.0,31.0,29.0,40.0,10.0,20.0,61.0,34.0,28.0,33.0,14.0,34.0,55.0,11.0,19.0,0.0,35.0,5.0,0.0,0.0,0.0,0.0,0.0,0.0,0.0,28.0,0.0,0.0,0.0,0.0,0.0,0.0,0.0,1.0
570653.0,0.0,3.0,47.0,26.0,44.0,40.0,30.0,0.0,32.0,23.0,33.0,66.0,33.0,47.0,14.0,34.0,33.0,9.0,34.0,31.0,0.0,28.0,25.0,32.0,27.0,20.0,37.0,46.0,28.0,66.0,42.0,56.0,22.0,46.0,25.0,0.0,19.0,35.0,38.0,10.0,65.0,17.0,15.0,26.0,30.0,42.0,41.0,36.0,24.0,32.0,22.0,54.0,10.0,22.0,56.0,35.0,36.0,53.0,12.0,20.0,49.0,16.0,54.0,0.0,21.0,5.0,0.0,0.0,0.0,0.0,0.0,0.0,0.0,68.0,0.0,0.0,0.0,0.0,0.0,0.0,0.0,1.0
574847.0,0.0,0.0,50.0,44.0,55.0,40.0,43.0,5.0,50.0,28.0,58.0,65.0,56.0,58.0,40.0,39.0,39.0,7.0,42.0,62.0,0.0,53.0,32.0,65.0,60.0,30.0,44.0,67.0,53.0,52.0,51.0,66.0,36.0,41.0,58.0,22.0,23.0,57.0,66.0,22.0,69.0,39.0,17.0,27.0,67.0,62.0,43.0,36.0,28.0,35.0,27.0,58.0,22.0,21.0,54.0,37.0,38.0,49.0,25.0,25.0,65.0,0.0,30.0,0.0,21.0,15.0,0.0,0.0,0.0,0.0,0.0,0.0,0.0,74.0,0.0,0.0,0.0,0.0,0.0,0.0,0.0,1.0
3718.0,74.0,0.0,79.0,64.0,64.0,57.0,59.0,4.0,71.0,33.0,60.0,70.0,48.0,67.0,33.0,52.0,52.0,61.0,46.0,61.0,0.0,53.0,34.0,56.0,67.0,30.0,47.0,76.0,56.0,79.0,57.0,74.0,56.0,52.0,52.0,20.0,31.0,55.0,72.0,17.0,79.0,46.0,18.0,41.0,52.0,67.0,44.0,49.0,43.0,43.0,57.0,70.0,16.0,25.0,62.0,39.0,39.0,67.0,19.0,24.0,50.0,0.0,21.0,0.0,21.0,7.0,0.0,100.0,4.0,3.0,0.0,0.0,0.0,100.0,0.0,0.0,0.0,0.0,1.0,0.0,0.0,1.0
594992.0,0.0,0.0,37.0,76.0,66.0,49.0,44.0,5.0,64.0,33.0,76.0,63.0,63.0,65.0,75.0,48.0,54.0,45.0,59.0,77.0,11.0,69.0,34.0,75.0,86.0,26.0,58.0,85.0,75.0,29.0,58.0,73.0,37.0,0.0,68.0,27.0,30.0,76.0,72.0,16.0,74.0,90.0,14.0,18.0,75.0,49.0,43.0,22.0,42.0,42.0,42.0,66.0,18.0,25.0,69.0,37.0,50.0,33.0,25.0,15.0,45.0,0.0,32.0,0.0,24.0,8.0,0.0,0.0,1.0,1.0,0.0,0.0,0.0,17.0,0.0,0.0,0.0,0.0,0.0,0.0,0.0,1.0
636217.0,0.0,0.0,47.0,6.0,65.0,50.0,41.0,17.0,72.0,35.0,23.0,66.0,21.0,75.0,0.0,51.0,62.0,30.0,7.0,19.0,0.0,18.0,35.0,21.0,24.0,29.0,16.0,67.0,35.0,30.0,73.0,78.0,36.0,0.0,23.0,0.0,37.0,19.0,0.0,5.0,4.0,0.0,100.0,15.0,18.0,59.0,67.0,18.0,48.0,45.0,45.0,38.0,6.0,20.0,75.0,42.0,0.0,33.0,7.0,16.0,42.0,6.0,23.0,0.0,30.0,4.0,0.0,0.0,0.0,0.0,1.0,0.0,0.0,24.0,0.0,0.0,0.0,0.0,0.0,0.0,100.0,1.0
784192.0,0.0,66.0,44.0,10.0,14.0,15.0,46.0,26.0,24.0,11.0,23.0,29.0,15.0,13.0,0.0,11.0,16.0,28.0,42.0,17.0,27.0,12.0,11.0,10.0,24.0,6.0,43.0,42.0,32.0,37.0,32.0,22.0,37.0,0.0,12.0,0.0,9.0,16.0,0.0,4.0,9.0,0.0,27.0,21.0,23.0,23.0,62.0,25.0,9.0,18.0,43.0,43.0,5.0,9.0,28.0,27.0,28.0,28.0,7.0,0.0,49.0,14.0,18.0,0.0,12.0,5.0,24.0,0.0,0.0,0.0,100.0,100.0,100.0,24.0,33.0,0.0,100.0,100.0,0.0,100.0,1.0,100.0
