date,1 week morocco itinerary,5 star marrakech hotels,agadir hotels,agadir morocco,agadir weather,agadir weather february,agadir weather may,air morocco,argan oil morocco,argentina vs morocco,best marrakech hotels,best places in morocco,best time to visit morocco,blue city morocco,brazil vs morocco,casablanca airport,casablanca hotel,casablanca weather,cheap flights to morocco,chefchaouen morocco,earthquake in morocco,fes morocco,flight to morocco,flights to morocco,flights uk to morocco,france morocco,hotel marrakech,is morocco safe,kings league morocco,le riad marrakech,london to morocco,mamounia hotel marrakech,marrakech hotels,marrakech morocco,marrakech weather,marrakech weather december,marrakech weather february,marrakech weather in march,morocco,morocco country,morocco earthquake 2023,morocco earthquake death toll,morocco holidays,morocco language,morocco map,morocco portugal,morocco time,morocco tour,morocco travel,morocco travel advice,morocco travel from uk,morocco travel requirements,morocco travel restrictions,morocco trips,morocco visa,morocco visa for indians,morocco visa requirements,morocco vs,morocco vs france,morocco vs portugal,morocco weather,morocco weather february,morocco weather in march,morocco world cup,ogx argan oil of morocco,places in morocco,rabat morocco,rayan morocco,riad fes maroc,riad fes morocco,riad marrakech,riad marrakech medina,riad marrakech pas cher,savoy le grand hotel marrakech,spain morocco,tangier flights,tangier morocco,things to do in morocco,usa vs morocco,visit morocco,where is morocco,zawina morocco
2010-01-01,0.0,55.0,87.0,95.0,61.0,32.0,0.0,78.0,0.0,0.0,19.0,27.0,23.0,0.0,0.0,61.0,97.0,52.0,100.0,20.0,1.0,57.0,23.0,90.0,42.0,0.0,90.0,9.0,0.0,83.0,52.0,95.0,100.0,59.0,69.0,0.0,40.0,33.0,5.0,5.0,0.0,0.0,100.0,7.0,45.0,0.0,6.0,37.0,84.0,0.0,0.0,0.0,0.0,69.0,25.0,0.0,38.0,0.0,0.0,0.0,42.0,49.0,36.0,0.0,0.0,33.0,64.0,0.0,80.0,0.0,94.0,98.0,93.0,0.0,1.0,50.0,44.0,36.0,0.0,22.0,8.0,0.0
2010-02-01,0.0,49.0,72.0,87.0,73.0,20.0,0.0,69.0,0.0,0.0,26.0,20.0,0.0,0.0,0.0,57.0,97.0,52.0,99.0,14.0,0.0,42.0,22.0,85.0,46.0,0.0,97.0,8.0,0.0,93.0,47.0,100.0,95.0,52.0,71.0,0.0,18.0,43.0,5.0,6.0,0.0,0.0,85.0,6.0,37.0,0.0,5.0,43.0,74.0,0.0,0.0,0.0,0.0,64.0,29.0,0.0,77.0,0.0,0.0,0.0,40.0,28.0,46.0,0.0,0.0,32.0,63.0,0.0,100.0,0.0,100.0,100.0,87.0,0.0,1.0,45.0,45.0,29.0,0.0,23.0,9.0,0.0
2010-03-01,0.0,72.0,79.0,84.0,57.0,0.0,53.0,69.0,5.0,0.0,23.0,24.0,23.0,0.0,0.0,63.0,97.0,45.0,99.0,23.0,0.0,56.0,22.0,78.0,47.0,0.0,100.0,6.0,0.0,100.0,49.0,92.0,90.0,51.0,65.0,0.0,0.0,16.0,5.0,5.0,0.0,0.0,74.0,6.0,37.0,0.0,6.0,48.0,66.0,0.0,0.0,0.0,0.0,59.0,29.0,0.0,80.0,0.0,0.0,0.0,34.0,0.0,19.0,0.0,0.0,36.0,67.0,0.0,84.0,45.0,94.0,96.0,100.0,0.0,1.0,48.0,48.0,39.0,0.0,23.0,8.0,0.0
2010-04-01,0.0,60.0,77.0,80.0,40.0,0.0,0.0,82.0,4.0,0.0,41.0,0.0,0.0,0.0,0.0,93.0,87.0,38.0,86.0,16.0,0.0,59.0,25.0,81.0,53.0,0.0,87.0,0.0,0.0,81.0,54.0,90.0,87.0,46.0,40.0,0.0,0.0,0.0,5.0,5.0,0.0,0.0,64.0,6.0,37.0,0.0,6.0,42.0,68.0,0.0,0.0,0.0,0.0,49.0,29.0,0.0,82.0,0.0,0.0,0.0,26.0,6.0,0.0,0.0,0.0,24.0,64.0,0.0,77.0,0.0,82.0,85.0,88.0,0.0,1.0,76.0,48.0,34.0,0.0,21.0,7.0,0.0
2010-05-01,0.0,0.0,72.0,71.0,36.0,0.0,0.0,71.0,5.0,0.0,22.0,19.0,0.0,0.0,0.0,85.0,97.0,32.0,100.0,16.0,0.0,55.0,22.0,76.0,42.0,0.0,87.0,6.0,0.0,67.0,42.0,79.0,71.0,42.0,38.0,0.0,0.0,0.0,5.0,5.0,0.0,0.0,61.0,7.0,35.0,0.0,7.0,42.0,63.0,0.0,0.0,0.0,0.0,56.0,28.0,0.0,67.0,0.0,0.0,0.0,25.0,0.0,0.0,0.0,0.0,30.0,64.0,0.0,52.0,38.0,69.0,62.0,76.0,0.0,1.0,74.0,49.0,40.0,0.0,22.0,9.0,0.0
2010-06-01,0.0,40.0,79.0,78.0,34.0,0.0,0.0,67.0,6.0,0.0,29.0,0.0,23.0,0.0,0.0,48.0,98.0,29.0,90.0,16.0,0.0,59.0,23.0,73.0,37.0,0.0,83.0,7.0,0.0,60.0,40.0,77.0,78.0,46.0,35.0,0.0,0.0,0.0,4.0,5.0,0.0,0.0,65.0,6.0,32.0,0.0,7.0,35.0,62.0,0.0,0.0,21.0,0.0,55.0,29.0,0.0,70.0,0.0,0.0,0.0,22.0,0.0,0.0,0.0,0.0,24.0,59.0,0.0,55.0,0.0,66.0,67.0,71.0,0.0,1.0,56.0,42.0,46.0,0.0,20.0,8.0,0.0
2010-07-01,0.0,67.0,100.0,79.0,34.0,0.0,0.0,70.0,0.0,0.0,0.0,30.0,18.0,0.0,0.0,64.0,100.0,33.0,86.0,22.0,0.0,49.0,25.0,70.0,49.0,0.0,93.0,0.0,0.0,63.0,47.0,69.0,78.0,43.0,36.0,0.0,0.0,0.0,4.0,4.0,0.0,0.0,66.0,6.0,29.0,0.0,7.0,37.0,66.0,12.0,0.0,0.0,0.0,48.0,28.0,34.0,50.0,0.0,0.0,0.0,23.0,0.0,0.0,0.0,0.0,22.0,53.0,0.0,72.0,0.0,61.0,54.0,54.0,0.0,1.0,66.0,52.0,42.0,0.0,19.0,7.0,0.0
2010-08-01,0.0,53.0,76.0,74.0,49.0,0.0,0.0,62.0,5.0,0.0,36.0,19.0,0.0,0.0,0.0,62.0,89.0,32.0,80.0,13.0,0.0,51.0,21.0,66.0,44.0,0.0,82.0,6.0,0.0,70.0,34.0,72.0,78.0,41.0,40.0,16.0,0.0,0.0,4.0,4.0,0.0,0.0,65.0,5.0,29.0,0.0,8.0,37.0,58.0,11.0,0.0,0.0,0.0,53.0,28.0,0.0,62.0,0.0,0.0,0.0,31.0,0.0,10.0,0.0,0.0,29.0,52.0,0.0,37.0,40.0,71.0,66.0,68.0,0.0,1.0,45.0,37.0,27.0,0.0,22.0,9.0,0.0
2010-09-01,0.0,40.0,66.0,62.0,51.0,0.0,0.0,60.0,4.0,0.0,29.0,20.0,0.0,0.0,0.0,58.0,85.0,42.0,72.0,15.0,0.0,49.0,18.0,67.0,27.0,0.0,75.0,6.0,0.0,71.0,33.0,62.0,68.0,39.0,51.0,24.0,0.0,0.0,4.0,5.0,0.0,0.0,59.0,6.0,29.0,0.0,7.0,36.0,60.0,0.0,0.0,14.0,0.0,61.0,25.0,0.0,79.0,0.0,0.0,0.0,34.0,9.0,0.0,0.0,0.0,27.0,50.0,0.0,51.0,34.0,77.0,71.0,61.0,0.0,1.0,46.0,43.0,27.0,0.0,21.0,9.0,0.0
2010-10-01,0.0,60.0,63.0,62.0,51.0,0.0,0.0,55.0,3.0,0.0,29.0,12.0,16.0,0.0,0.0,61.0,87.0,47.0,76.0,24.0,0.0,57.0,19.0,65.0,68.0,0.0,87.0,7.0,0.0,63.0,34.0,68.0,66.0,43.0,65.0,37.0,17.0,0.0,4.0,5.0,0.0,0.0,56.0,6.0,29.0,0.0,7.0,33.0,58.0,11.0,0.0,0.0,0.0,39.0,30.0,0.0,57.0,0.0,0.0,0.0,35.0,15.0,0.0,0.0,0.0,26.0,50.0,0.0,71.0,0.0,75.0,69.0,69.0,0.0,1.0,45.0,37.0,28.0,0.0,22.0,8.0,0.0
2010-11-01,0.0,41.0,55.0,46.0,42.0,0.0,0.0,52.0,5.0,0.0,27.0,15.0,20.0,0.0,0.0,49.0,76.0,47.0,59.0,13.0,0.0,45.0,18.0,57.0,37.0,0.0,71.0,5.0,0.0,63.0,29.0,77.0,64.0,38.0,60.0,38.0,14.0,0.0,4.0,5.0,0.0,0.0,46.0,6.0,26.0,0.0,6.0,37.0,54.0,0.0,0.0,0.0,0.0,45.0,27.0,0.0,39.0,0.0,0.0,0.0,30.0,16.0,10.0,0.0,0.0,27.0,47.0,0.0,65.0,0.0,73.0,71.0,63.0,0.0,1.0,37.0,31.0,29.0,0.0,20.0,8.0,0.0
2010-12-01,0.0,0.0,56.0,49.0,48.0,18.0,0.0,55.0,4.0,0.0,19.0,18.0,21.0,0.0,0.0,66.0,67.0,67.0,57.0,23.0,0.0,47.0,19.0,53.0,23.0,0.0,75.0,6.0,0.0,49.0,33.0,79.0,59.0,40.0,55.0,14.0,17.0,17.0,4.0,5.0,0.0,0.0,40.0,6.0,25.0,0.0,6.0,29.0,50.0,0.0,0.0,0.0,0.0,54.0,24.0,0.0,46.0,0.0,0.0,0.0,35.0,22.0,22.0,0.0,0.0,22.0,51.0,0.0,77.0,0.0,65.0,66.0,70.0,0.0,1.0,33.0,35.0,18.0,0.0,19.0,7.0,0.0
2011-01-01,0.0,100.0,76.0,75.0,59.0,44.0,0.0,62.0,6.0,0.0,38.0,28.0,24.0,0.0,0.0,56.0,84.0,51.0,94.0,20.0,0.0,52.0,24.0,86.0,66.0,0.0,88.0,16.0,0.0,84.0,44.0,79.0,95.0,60.0,77.0,0.0,43.0,48.0,5.0,4.0,0.0,0.0,79.0,6.0,34.0,0.0,6.0,49.0,80.0,17.0,0.0,0.0,0.0,70.0,29.0,0.0,71.0,0.0,0.0,0.0,42.0,54.0,50.0,0.0,0.0,37.0,58.0,0.0,58.0,44.0,89.0,88.0,63.0,0.0,1.0,39.0,39.0,40.0,0.0,26.0,10.0,0.0
2011-02-01,0.0,43.0,54.0,56.0,47.0,0.0,0.0,52.0,0.0,0.0,16.0,14.0,17.0,0.0,0.0,63.0,77.0,41.0,64.0,19.0,0.0,58.0,18.0,54.0,35.0,0.0,65.0,39.0,0.0,58.0,34.0,52.0,59.0,46.0,56.0,0.0,15.0,32.0,5.0,5.0,0.0,0.0,49.0,6.0,36.0,0.0,6.0,41.0,95.0,90.0,0.0,0.0,0.0,41.0,27.0,0.0,55.0,0.0,0.0,0.0,30.0,17.0,38.0,0.0,0.0,26.0,57.0,0.0,39.0,43.0,66.0,58.0,54.0,0.0,1.0,37.0,44.0,33.0,0.0,19.0,11.0,0.0
2011-03-01,0.0,27.0,45.0,50.0,46.0,0.0,0.0,43.0,4.0,0.0,21.0,18.0,0.0,0.0,0.0,45.0,76.0,37.0,62.0,14.0,0.0,45.0,15.0,52.0,28.0,0.0,75.0,27.0,0.0,53.0,42.0,45.0,58.0,38.0,54.0,0.0,0.0,20.0,4.0,5.0,0.0,0.0,39.0,6.0,32.0,0.0,6.0,34.0,69.0,50.0,0.0,0.0,0.0,44.0,24.0,0.0,44.0,0.0,0.0,0.0,26.0,0.0,24.0,0.0,0.0,24.0,57.0,0.0,52.0,27.0,57.0,60.0,42.0,0.0,1.0,34.0,35.0,21.0,0.0,15.0,10.0,0.0
2011-04-01,0.0,46.0,50.0,54.0,38.0,0.0,0.0,49.0,6.0,0.0,18.0,17.0,0.0,0.0,0.0,47.0,78.0,44.0,61.0,15.0,0.0,53.0,18.0,51.0,26.0,0.0,72.0,15.0,0.0,62.0,42.0,51.0,66.0,48.0,54.0,0.0,0.0,0.0,5.0,5.0,0.0,0.0,40.0,6.0,28.0,0.0,8.0,33.0,61.0,35.0,16.0,0.0,0.0,47.0,27.0,0.0,46.0,0.0,0.0,0.0,25.0,0.0,0.0,0.0,0.0,25.0,60.0,0.0,47.0,0.0,62.0,52.0,57.0,0.0,1.0,55.0,39.0,38.0,0.0,21.0,11.0,0.0
2011-05-01,0.0,0.0,39.0,44.0,29.0,0.0,0.0,50.0,5.0,0.0,17.0,16.0,12.0,0.0,0.0,42.0,79.0,35.0,62.0,11.0,0.0,45.0,19.0,54.0,33.0,0.0,56.0,23.0,0.0,52.0,43.0,38.0,42.0,35.0,38.0,0.0,0.0,0.0,4.0,5.0,0.0,0.0,34.0,7.0,28.0,0.0,6.0,29.0,60.0,45.0,0.0,0.0,0.0,42.0,25.0,0.0,46.0,0.0,0.0,0.0,19.0,0.0,0.0,0.0,0.0,25.0,54.0,0.0,34.0,0.0,40.0,28.0,42.0,0.0,1.0,36.0,36.0,35.0,0.0,21.0,16.0,0.0
2011-06-01,0.0,30.0,53.0,53.0,27.0,0.0,0.0,53.0,5.0,0.0,17.0,19.0,0.0,0.0,0.0,48.0,82.0,28.0,66.0,12.0,0.0,41.0,19.0,53.0,39.0,0.0,62.0,16.0,0.0,37.0,47.0,34.0,47.0,40.0,37.0,0.0,0.0,0.0,4.0,5.0,0.0,0.0,43.0,8.0,26.0,0.0,7.0,32.0,52.0,22.0,0.0,0.0,0.0,39.0,26.0,0.0,54.0,0.0,0.0,0.0,21.0,0.0,0.0,0.0,0.0,25.0,51.0,0.0,0.0,31.0,40.0,36.0,36.0,0.0,1.0,49.0,40.0,39.0,0.0,20.0,13.0,0.0
2011-07-01,0.0,39.0,61.0,54.0,31.0,0.0,0.0,55.0,7.0,0.0,21.0,15.0,0.0,0.0,0.0,57.0,86.0,28.0,73.0,18.0,0.0,39.0,24.0,57.0,35.0,0.0,68.0,10.0,0.0,46.0,41.0,45.0,59.0,47.0,37.0,10.0,0.0,0.0,4.0,4.0,0.0,0.0,54.0,5.0,25.0,0.0,7.0,27.0,51.0,26.0,0.0,0.0,0.0,45.0,25.0,0.0,41.0,0.0,0.0,0.0,22.0,0.0,0.0,0.0,0.0,29.0,48.0,0.0,42.0,0.0,48.0,34.0,53.0,0.0,1.0,37.0,44.0,32.0,0.0,18.0,10.0,0.0
2011-08-01,0.0,36.0,42.0,55.0,29.0,0.0,0.0,52.0,8.0,0.0,23.0,18.0,22.0,12.0,0.0,47.0,77.0,27.0,61.0,11.0,0.0,49.0,21.0,54.0,36.0,0.0,61.0,12.0,0.0,48.0,44.0,45.0,47.0,42.0,38.0,17.0,0.0,0.0,4.0,4.0,0.0,0.0,49.0,5.0,25.0,0.0,8.0,26.0,54.0,16.0,0.0,0.0,0.0,47.0,23.0,0.0,47.0,0.0,0.0,0.0,23.0,7.0,0.0,0.0,0.0,25.0,42.0,0.0,0.0,0.0,47.0,41.0,46.0,0.0,1.0,38.0,39.0,30.0,0.0,19.0,12.0,0.0
2011-09-01,0.0,41.0,42.0,54.0,31.0,0.0,0.0,49.0,10.0,0.0,14.0,14.0,0.0,0.0,0.0,49.0,74.0,26.0,63.0,13.0,0.0,49.0,21.0,54.0,29.0,0.0,70.0,11.0,0.0,47.0,42.0,53.0,48.0,43.0,48.0,25.0,5.0,0.0,4.0,5.0,0.0,0.0,47.0,5.0,26.0,0.0,6.0,30.0,48.0,12.0,0.0,0.0,0.0,40.0,27.0,0.0,48.0,0.0,0.0,0.0,29.0,8.0,7.0,0.0,0.0,26.0,51.0,0.0,42.0,38.0,55.0,47.0,54.0,0.0,1.0,40.0,37.0,40.0,0.0,16.0,10.0,0.0
2011-10-01,0.0,27.0,43.0,54.0,37.0,0.0,0.0,54.0,8.0,0.0,16.0,19.0,0.0,0.0,0.0,43.0,78.0,37.0,56.0,13.0,0.0,49.0,18.0,48.0,25.0,0.0,59.0,11.0,0.0,51.0,28.0,45.0,50.0,44.0,64.0,45.0,13.0,11.0,4.0,4.0,0.0,0.0,40.0,7.0,26.0,0.0,7.0,32.0,51.0,13.0,0.0,0.0,0.0,41.0,26.0,0.0,58.0,0.0,0.0,0.0,32.0,11.0,21.0,0.0,0.0,29.0,61.0,0.0,24.0,0.0,51.0,36.0,40.0,0.0,1.0,32.0,35.0,24.0,0.0,15.0,9.0,0.0
2011-11-01,0.0,22.0,34.0,50.0,35.0,17.0,0.0,43.0,7.0,0.0,17.0,23.0,13.0,0.0,0.0,38.0,69.0,39.0,52.0,18.0,0.0,44.0,18.0,48.0,25.0,0.0,57.0,10.0,0.0,47.0,37.0,40.0,48.0,42.0,57.0,44.0,18.0,19.0,4.0,4.0,0.0,0.0,38.0,5.0,23.0,0.0,7.0,27.0,50.0,12.0,0.0,0.0,0.0,26.0,27.0,0.0,33.0,0.0,0.0,0.0,30.0,18.0,16.0,0.0,0.0,28.0,58.0,0.0,0.0,26.0,48.0,41.0,39.0,0.0,1.0,24.0,33.0,24.0,0.0,22.0,7.0,0.0
2011-12-01,100.0,21.0,37.0,44.0,32.0,15.0,0.0,48.0,9.0,0.0,15.0,11.0,10.0,0.0,0.0,38.0,62.0,42.0,42.0,12.0,0.0,45.0,16.0,41.0,13.0,0.0,54.0,10.0,0.0,42.0,30.0,37.0,44.0,39.0,45.0,24.0,18.0,14.0,5.0,4.0,0.0,0.0,32.0,5.0,23.0,0.0,5.0,30.0,45.0,0.0,0.0,0.0,0.0,47.0,24.0,0.0,45.0,0.0,0.0,0.0,24.0,18.0,18.0,0.0,0.0,23.0,49.0,0.0,46.0,39.0,46.0,35.0,45.0,0.0,1.0,33.0,32.0,23.0,0.0,17.0,7.0,0.0
2012-01-01,0.0,37.0,47.0,67.0,53.0,23.0,32.0,47.0,9.0,0.0,26.0,22.0,10.0,0.0,0.0,44.0,71.0,41.0,70.0,18.0,0.0,48.0,22.0,72.0,28.0,0.0,66.0,13.0,0.0,53.0,40.0,43.0,63.0,58.0,69.0,0.0,48.0,60.0,5.0,5.0,0.0,0.0,70.0,6.0,29.0,0.0,6.0,35.0,69.0,14.0,0.0,0.0,0.0,53.0,28.0,0.0,46.0,0.0,0.0,0.0,38.0,40.0,50.0,0.0,0.0,35.0,63.0,0.0,40.0,20.0,58.0,55.0,51.0,0.0,1.0,49.0,36.0,43.0,0.0,26.0,11.0,0.0
2012-02-01,0.0,31.0,49.0,57.0,47.0,15.0,0.0,43.0,7.0,0.0,23.0,22.0,13.0,0.0,0.0,51.0,69.0,44.0,62.0,19.0,0.0,48.0,20.0,60.0,27.0,0.0,66.0,8.0,0.0,63.0,40.0,48.0,54.0,48.0,62.0,0.0,18.0,55.0,5.0,4.0,0.0,0.0,52.0,7.0,27.0,0.0,6.0,32.0,62.0,9.0,0.0,0.0,0.0,40.0,25.0,0.0,63.0,0.0,0.0,0.0,33.0,16.0,56.0,0.0,0.0,30.0,56.0,0.0,40.0,30.0,62.0,44.0,51.0,0.0,1.0,40.0,38.0,34.0,0.0,22.0,10.0,0.0
2012-03-01,0.0,27.0,39.0,56.0,35.0,0.0,37.0,46.0,9.0,0.0,24.0,15.0,13.0,0.0,0.0,48.0,73.0,35.0,69.0,20.0,0.0,54.0,22.0,58.0,33.0,0.0,68.0,11.0,0.0,52.0,40.0,50.0,52.0,49.0,51.0,0.0,0.0,15.0,5.0,5.0,0.0,0.0,49.0,7.0,25.0,0.0,7.0,40.0,58.0,8.0,0.0,0.0,0.0,47.0,23.0,15.0,36.0,0.0,0.0,0.0,26.0,0.0,25.0,0.0,0.0,31.0,65.0,0.0,48.0,0.0,52.0,50.0,41.0,0.0,1.0,36.0,43.0,33.0,0.0,21.0,11.0,0.0
2012-04-01,0.0,34.0,45.0,58.0,36.0,0.0,41.0,47.0,11.0,0.0,21.0,23.0,12.0,9.0,0.0,51.0,69.0,50.0,70.0,24.0,0.0,52.0,23.0,63.0,43.0,0.0,76.0,13.0,0.0,53.0,41.0,47.0,52.0,49.0,54.0,7.0,0.0,0.0,4.0,4.0,0.0,0.0,52.0,5.0,26.0,0.0,8.0,30.0,51.0,11.0,0.0,0.0,0.0,40.0,26.0,0.0,56.0,0.0,0.0,0.0,27.0,0.0,0.0,0.0,0.0,34.0,64.0,0.0,44.0,34.0,51.0,36.0,43.0,0.0,1.0,71.0,52.0,35.0,0.0,23.0,10.0,0.0
2012-05-01,0.0,38.0,45.0,53.0,34.0,0.0,0.0,48.0,11.0,0.0,24.0,19.0,16.0,0.0,0.0,44.0,70.0,39.0,73.0,17.0,0.0,53.0,23.0,57.0,32.0,0.0,65.0,11.0,0.0,47.0,42.0,39.0,48.0,47.0,40.0,7.0,0.0,0.0,4.0,5.0,0.0,0.0,46.0,7.0,23.0,0.0,7.0,34.0,54.0,7.0,0.0,0.0,0.0,40.0,26.0,0.0,59.0,0.0,0.0,0.0,23.0,0.0,0.0,0.0,0.0,31.0,61.0,0.0,42.0,31.0,48.0,38.0,46.0,0.0,1.0,43.0,48.0,37.0,0.0,21.0,10.0,0.0
2012-06-01,0.0,26.0,48.0,53.0,25.0,0.0,0.0,48.0,14.0,0.0,19.0,23.0,14.0,0.0,0.0,46.0,74.0,34.0,81.0,19.0,0.0,53.0,24.0,65.0,46.0,0.0,64.0,10.0,0.0,47.0,43.0,37.0,45.0,46.0,33.0,8.0,0.0,0.0,4.0,5.0,0.0,0.0,49.0,6.0,20.0,0.0,8.0,31.0,53.0,10.0,0.0,0.0,0.0,46.0,24.0,20.0,60.0,0.0,0.0,0.0,21.0,4.0,0.0,0.0,0.0,30.0,63.0,0.0,38.0,0.0,44.0,39.0,27.0,0.0,1.0,62.0,46.0,38.0,0.0,21.0,10.0,0.0
2012-07-01,0.0,43.0,48.0,58.0,31.0,0.0,0.0,48.0,14.0,0.0,30.0,22.0,16.0,0.0,0.0,47.0,77.0,33.0,73.0,18.0,0.0,56.0,25.0,66.0,40.0,0.0,74.0,13.0,0.0,51.0,48.0,30.0,53.0,51.0,39.0,13.0,0.0,0.0,4.0,5.0,0.0,0.0,54.0,6.0,22.0,0.0,10.0,38.0,55.0,9.0,0.0,0.0,0.0,55.0,27.0,0.0,43.0,0.0,0.0,0.0,25.0,6.0,0.0,0.0,0.0,33.0,64.0,0.0,43.0,27.0,45.0,29.0,47.0,0.0,1.0,69.0,51.0,37.0,0.0,24.0,12.0,0.0
2012-08-01,0.0,45.0,61.0,59.0,34.0,0.0,0.0,47.0,14.0,0.0,36.0,26.0,16.0,9.0,0.0,53.0,81.0,31.0,72.0,23.0,0.0,50.0,26.0,66.0,35.0,0.0,82.0,11.0,0.0,55.0,51.0,37.0,52.0,52.0,46.0,29.0,7.0,10.0,4.0,6.0,0.0,0.0,55.0,6.0,20.0,0.0,9.0,35.0,55.0,10.0,0.0,0.0,0.0,53.0,28.0,15.0,58.0,0.0,0.0,0.0,27.0,8.0,13.0,0.0,0.0,29.0,61.0,0.0,0.0,26.0,51.0,35.0,47.0,0.0,1.0,60.0,46.0,34.0,0.0,21.0,10.0,0.0
2012-09-01,0.0,25.0,40.0,53.0,39.0,0.0,0.0,44.0,12.0,0.0,35.0,28.0,13.0,10.0,0.0,46.0,75.0,41.0,69.0,21.0,0.0,54.0,25.0,61.0,42.0,0.0,65.0,21.0,0.0,57.0,41.0,44.0,52.0,52.0,56.0,37.0,12.0,9.0,4.0,6.0,0.0,0.0,51.0,6.0,23.0,0.0,8.0,39.0,64.0,21.0,0.0,0.0,0.0,50.0,28.0,0.0,40.0,0.0,0.0,0.0,33.0,12.0,7.0,0.0,0.0,36.0,69.0,0.0,36.0,36.0,52.0,41.0,48.0,0.0,1.0,54.0,38.0,32.0,0.0,24.0,11.0,0.0
2012-10-01,0.0,40.0,33.0,50.0,43.0,8.0,0.0,42.0,14.0,0.0,28.0,23.0,17.0,0.0,0.0,46.0,63.0,43.0,54.0,21.0,0.0,55.0,20.0,53.0,33.0,0.0,61.0,12.0,0.0,40.0,41.0,53.0,45.0,49.0,61.0,46.0,15.0,9.0,4.0,5.0,0.0,0.0,44.0,6.0,21.0,0.0,8.0,36.0,48.0,0.0,0.0,0.0,0.0,37.0,28.0,0.0,51.0,0.0,0.0,0.0,32.0,12.0,11.0,0.0,0.0,28.0,59.0,0.0,41.0,24.0,48.0,40.0,25.0,0.0,1.0,33.0,42.0,31.0,1.0,24.0,10.0,0.0
2012-11-01,0.0,37.0,33.0,47.0,41.0,9.0,0.0,43.0,14.0,0.0,15.0,21.0,15.0,8.0,0.0,45.0,69.0,49.0,51.0,16.0,0.0,51.0,19.0,45.0,33.0,0.0,49.0,12.0,0.0,42.0,30.0,47.0,43.0,42.0,56.0,48.0,21.0,10.0,4.0,5.0,0.0,0.0,34.0,5.0,18.0,0.0,7.0,29.0,42.0,10.0,0.0,0.0,0.0,35.0,26.0,0.0,50.0,0.0,0.0,0.0,28.0,19.0,16.0,0.0,0.0,28.0,58.0,0.0,27.0,25.0,47.0,39.0,26.0,0.0,1.0,32.0,37.0,27.0,0.0,21.0,10.0,0.0
2012-12-01,0.0,27.0,36.0,51.0,39.0,21.0,0.0,39.0,12.0,0.0,23.0,22.0,26.0,0.0,0.0,43.0,56.0,41.0,45.0,16.0,0.0,51.0,18.0,47.0,25.0,0.0,56.0,13.0,0.0,53.0,34.0,47.0,41.0,45.0,50.0,25.0,30.0,19.0,4.0,6.0,0.0,0.0,38.0,5.0,19.0,0.0,7.0,37.0,42.0,0.0,0.0,0.0,0.0,40.0,27.0,22.0,46.0,0.0,0.0,0.0,27.0,25.0,28.0,0.0,0.0,26.0,56.0,0.0,32.0,26.0,44.0,36.0,29.0,0.0,1.0,28.0,36.0,26.0,0.0,21.0,9.0,0.0
2013-01-01,0.0,37.0,50.0,76.0,51.0,35.0,36.0,44.0,15.0,0.0,35.0,31.0,19.0,9.0,0.0,50.0,67.0,44.0,67.0,17.0,0.0,51.0,25.0,70.0,30.0,0.0,77.0,24.0,0.0,62.0,52.0,43.0,60.0,58.0,67.0,0.0,51.0,68.0,5.0,6.0,0.0,0.0,71.0,7.0,26.0,0.0,7.0,36.0,68.0,17.0,0.0,0.0,0.0,58.0,27.0,15.0,47.0,0.0,0.0,0.0,36.0,48.0,70.0,0.0,0.0,42.0,62.0,0.0,43.0,38.0,55.0,49.0,32.0,0.0,1.0,47.0,45.0,39.0,0.0,28.0,13.0,0.0
2013-02-01,0.0,36.0,44.0,56.0,44.0,13.0,32.0,41.0,14.0,0.0,38.0,20.0,21.0,7.0,0.0,44.0,64.0,43.0,61.0,19.0,0.0,54.0,21.0,56.0,20.0,0.0,64.0,20.0,0.0,60.0,41.0,41.0,50.0,56.0,64.0,0.0,11.0,61.0,4.0,6.0,0.0,0.0,47.0,7.0,24.0,0.0,7.0,38.0,54.0,16.0,0.0,0.0,0.0,52.0,25.0,0.0,36.0,0.0,0.0,0.0,29.0,14.0,59.0,0.0,0.0,32.0,57.0,0.0,32.0,51.0,53.0,39.0,40.0,0.0,1.0,23.0,39.0,42.0,0.0,24.0,10.0,0.0
2013-03-01,0.0,33.0,47.0,65.0,50.0,0.0,38.0,47.0,16.0,0.0,33.0,18.0,15.0,0.0,0.0,49.0,70.0,47.0,65.0,23.0,0.0,67.0,22.0,58.0,36.0,0.0,84.0,17.0,0.0,58.0,41.0,58.0,59.0,57.0,77.0,4.0,0.0,30.0,4.0,6.0,0.0,0.0,47.0,6.0,23.0,0.0,8.0,47.0,55.0,11.0,8.0,0.0,0.0,62.0,29.0,0.0,49.0,0.0,0.0,0.0,31.0,0.0,36.0,0.0,0.0,31.0,66.0,0.0,60.0,37.0,58.0,50.0,44.0,0.0,1.0,36.0,54.0,39.0,0.0,26.0,12.0,0.0
2013-04-01,0.0,51.0,46.0,57.0,38.0,0.0,47.0,42.0,16.0,0.0,29.0,20.0,20.0,13.0,0.0,53.0,69.0,42.0,60.0,23.0,0.0,62.0,23.0,52.0,26.0,0.0,90.0,11.0,0.0,61.0,37.0,59.0,62.0,56.0,55.0,6.0,0.0,7.0,4.0,6.0,0.0,0.0,44.0,6.0,23.0,0.0,10.0,38.0,50.0,9.0,0.0,0.0,0.0,51.0,27.0,15.0,56.0,0.0,0.0,0.0,24.0,0.0,5.0,0.0,0.0,33.0,61.0,0.0,61.0,41.0,51.0,52.0,36.0,0.0,1.0,40.0,45.0,38.0,0.0,25.0,11.0,0.0
2013-05-01,0.0,38.0,41.0,57.0,34.0,0.0,0.0,39.0,15.0,0.0,28.0,22.0,11.0,11.0,0.0,50.0,68.0,35.0,60.0,26.0,0.0,69.0,24.0,53.0,17.0,0.0,76.0,17.0,0.0,54.0,40.0,39.0,50.0,52.0,47.0,8.0,0.0,0.0,4.0,5.0,0.0,0.0,44.0,7.0,23.0,0.0,9.0,38.0,51.0,7.0,0.0,0.0,0.0,45.0,29.0,16.0,45.0,0.0,0.0,0.0,23.0,3.0,0.0,0.0,0.0,33.0,63.0,0.0,47.0,37.0,46.0,33.0,30.0,0.0,1.0,45.0,73.0,38.0,0.0,24.0,12.0,0.0
2013-06-01,0.0,29.0,44.0,61.0,34.0,0.0,0.0,41.0,15.0,0.0,25.0,19.0,19.0,11.0,0.0,50.0,75.0,30.0,65.0,17.0,0.0,62.0,25.0,55.0,23.0,0.0,74.0,16.0,0.0,50.0,39.0,37.0,44.0,49.0,38.0,8.0,3.0,0.0,4.0,5.0,0.0,0.0,45.0,7.0,21.0,0.0,9.0,36.0,52.0,12.0,0.0,0.0,0.0,46.0,29.0,18.0,59.0,0.0,0.0,0.0,22.0,5.0,0.0,0.0,0.0,31.0,62.0,0.0,54.0,20.0,45.0,37.0,33.0,0.0,1.0,44.0,52.0,37.0,0.0,27.0,12.0,0.0
2013-07-01,0.0,31.0,56.0,59.0,35.0,7.0,0.0,49.0,15.0,0.0,26.0,30.0,22.0,12.0,0.0,51.0,78.0,30.0,60.0,27.0,0.0,59.0,25.0,53.0,20.0,0.0,76.0,14.0,0.0,49.0,44.0,38.0,46.0,48.0,39.0,14.0,4.0,0.0,4.0,5.0,0.0,0.0,46.0,6.0,20.0,0.0,11.0,37.0,49.0,11.0,0.0,0.0,0.0,50.0,29.0,14.0,48.0,0.0,0.0,0.0,24.0,5.0,7.0,0.0,0.0,36.0,59.0,0.0,25.0,29.0,43.0,34.0,28.0,0.0,1.0,51.0,56.0,40.0,0.0,23.0,10.0,0.0
2013-08-01,0.0,22.0,67.0,66.0,39.0,0.0,0.0,48.0,17.0,0.0,25.0,31.0,18.0,8.0,0.0,51.0,77.0,36.0,55.0,29.0,0.0,59.0,24.0,54.0,34.0,0.0,94.0,20.0,0.0,54.0,42.0,47.0,53.0,50.0,44.0,25.0,8.0,8.0,4.0,5.0,0.0,0.0,48.0,5.0,21.0,0.0,10.0,32.0,51.0,17.0,0.0,6.0,0.0,37.0,30.0,0.0,59.0,0.0,0.0,0.0,27.0,9.0,5.0,0.0,0.0,37.0,62.0,0.0,56.0,28.0,53.0,45.0,43.0,0.0,1.0,43.0,56.0,44.0,0.0,24.0,11.0,0.0
2013-09-01,0.0,38.0,37.0,61.0,42.0,7.0,0.0,45.0,17.0,0.0,29.0,23.0,12.0,8.0,0.0,51.0,69.0,40.0,46.0,27.0,0.0,70.0,23.0,49.0,30.0,0.0,78.0,17.0,0.0,65.0,36.0,50.0,45.0,53.0,62.0,37.0,11.0,7.0,4.0,5.0,0.0,0.0,47.0,6.0,22.0,0.0,10.0,41.0,49.0,17.0,0.0,0.0,0.0,58.0,27.0,13.0,58.0,0.0,0.0,0.0,32.0,9.0,13.0,0.0,0.0,35.0,63.0,0.0,57.0,51.0,52.0,49.0,34.0,0.0,1.0,29.0,51.0,35.0,0.0,22.0,11.0,0.0
2013-10-01,0.0,30.0,37.0,53.0,37.0,10.0,0.0,42.0,20.0,0.0,30.0,25.0,22.0,13.0,0.0,56.0,64.0,41.0,43.0,19.0,0.0,56.0,21.0,49.0,21.0,0.0,72.0,17.0,0.0,52.0,31.0,43.0,51.0,50.0,67.0,59.0,15.0,12.0,4.0,5.0,0.0,0.0,38.0,6.0,23.0,0.0,11.0,36.0,45.0,12.0,0.0,0.0,0.0,53.0,29.0,18.0,42.0,0.0,0.0,0.0,30.0,18.0,13.0,0.0,0.0,32.0,66.0,0.0,51.0,28.0,47.0,60.0,27.0,0.0,1.0,30.0,43.0,38.0,0.0,24.0,10.0,0.0
2013-11-01,0.0,15.0,33.0,50.0,43.0,13.0,0.0,39.0,22.0,0.0,26.0,26.0,27.0,0.0,0.0,49.0,64.0,45.0,41.0,22.0,0.0,63.0,18.0,41.0,17.0,0.0,61.0,10.0,0.0,44.0,32.0,43.0,44.0,50.0,64.0,65.0,24.0,14.0,4.0,6.0,0.0,0.0,33.0,6.0,22.0,0.0,8.0,35.0,46.0,8.0,0.0,7.0,0.0,45.0,29.0,0.0,49.0,0.0,0.0,0.0,30.0,20.0,16.0,0.0,0.0,33.0,62.0,0.0,39.0,33.0,52.0,56.0,24.0,0.0,1.0,31.0,44.0,32.0,0.0,27.0,11.0,0.0
2013-12-01,0.0,38.0,37.0,54.0,44.0,22.0,0.0,36.0,25.0,0.0,30.0,22.0,21.0,11.0,0.0,50.0,61.0,55.0,43.0,25.0,0.0,67.0,21.0,43.0,20.0,0.0,72.0,15.0,0.0,49.0,31.0,44.0,46.0,51.0,59.0,30.0,35.0,18.0,4.0,6.0,0.0,0.0,35.0,6.0,21.0,0.0,8.0,30.0,49.0,6.0,0.0,7.0,0.0,41.0,27.0,0.0,57.0,0.0,0.0,0.0,29.0,25.0,19.0,1.0,0.0,33.0,62.0,0.0,39.0,26.0,48.0,43.0,32.0,0.0,1.0,25.0,43.0,30.0,0.0,28.0,10.0,0.0
2014-01-01,0.0,66.0,58.0,75.0,68.0,52.0,39.0,41.0,26.0,0.0,49.0,40.0,32.0,14.0,0.0,50.0,71.0,55.0,65.0,30.0,0.0,65.0,27.0,65.0,25.0,0.0,84.0,22.0,0.0,69.0,47.0,60.0,69.0,73.0,87.0,7.0,73.0,68.0,5.0,6.0,0.0,0.0,75.0,6.0,27.0,0.0,9.0,50.0,64.0,15.0,0.0,6.0,0.0,61.0,32.0,0.0,72.0,0.0,0.0,0.0,42.0,53.0,60.0,0.0,0.0,47.0,75.0,0.0,37.0,35.0,62.0,65.0,45.0,0.0,1.0,45.0,46.0,51.0,0.0,32.0,13.0,0.0
2014-02-01,0.0,44.0,46.0,64.0,50.0,18.0,34.0,43.0,31.0,0.0,47.0,32.0,25.0,11.0,0.0,48.0,66.0,52.0,62.0,30.0,0.0,71.0,25.0,60.0,27.0,0.0,85.0,19.0,0.0,72.0,40.0,46.0,62.0,57.0,77.0,0.0,20.0,63.0,4.0,6.0,0.0,0.0,57.0,6.0,27.0,0.0,8.0,41.0,63.0,13.0,10.0,0.0,0.0,61.0,32.0,13.0,64.0,0.0,0.0,0.0,33.0,20.0,56.0,0.0,0.0,42.0,69.0,0.0,55.0,32.0,66.0,64.0,47.0,0.0,1.0,38.0,49.0,43.0,0.0,27.0,12.0,0.0
2014-03-01,0.0,30.0,40.0,61.0,42.0,0.0,26.0,40.0,31.0,0.0,44.0,35.0,21.0,8.0,0.0,53.0,68.0,47.0,55.0,33.0,0.0,68.0,26.0,56.0,28.0,0.0,81.0,16.0,0.0,59.0,44.0,45.0,55.0,58.0,67.0,4.0,0.0,14.0,4.0,5.0,0.0,0.0,45.0,7.0,25.0,0.0,10.0,49.0,57.0,14.0,0.0,0.0,0.0,58.0,31.0,0.0,56.0,0.0,0.0,0.0,26.0,2.0,20.0,0.0,0.0,45.0,70.0,0.0,48.0,48.0,51.0,56.0,35.0,0.0,1.0,45.0,52.0,44.0,0.0,29.0,12.0,0.0
2014-04-01,0.0,30.0,39.0,54.0,34.0,0.0,42.0,42.0,32.0,0.0,32.0,39.0,20.0,13.0,0.0,57.0,67.0,43.0,50.0,33.0,0.0,67.0,26.0,49.0,24.0,0.0,92.0,14.0,0.0,55.0,39.0,51.0,55.0,54.0,55.0,4.0,0.0,0.0,4.0,6.0,0.0,0.0,44.0,7.0,22.0,0.0,10.0,41.0,53.0,14.0,0.0,0.0,0.0,49.0,31.0,0.0,44.0,0.0,0.0,0.0,25.0,0.0,5.0,0.0,0.0,42.0,74.0,0.0,45.0,35.0,50.0,43.0,35.0,0.0,1.0,38.0,58.0,45.0,0.0,27.0,11.0,0.0
2014-05-01,0.0,30.0,42.0,55.0,30.0,0.0,24.0,41.0,30.0,0.0,30.0,31.0,22.0,17.0,0.0,49.0,77.0,32.0,56.0,35.0,0.0,65.0,26.0,52.0,18.0,0.0,77.0,17.0,0.0,42.0,39.0,43.0,47.0,50.0,45.0,10.0,0.0,0.0,4.0,6.0,0.0,0.0,49.0,7.0,24.0,0.0,9.0,38.0,49.0,9.0,0.0,0.0,0.0,61.0,31.0,0.0,47.0,0.0,0.0,0.0,21.0,2.0,5.0,0.0,9.0,39.0,69.0,0.0,18.0,38.0,46.0,43.0,28.0,0.0,1.0,45.0,60.0,46.0,0.0,29.0,11.0,0.0
2014-06-01,0.0,29.0,37.0,58.0,27.0,0.0,0.0,44.0,31.0,0.0,29.0,35.0,27.0,21.0,0.0,50.0,72.0,27.0,52.0,28.0,0.0,53.0,28.0,52.0,22.0,0.0,65.0,17.0,0.0,44.0,38.0,32.0,42.0,48.0,38.0,8.0,0.0,0.0,4.0,5.0,0.0,0.0,44.0,7.0,20.0,0.0,11.0,37.0,53.0,8.0,0.0,7.0,0.0,56.0,30.0,0.0,49.0,0.0,0.0,0.0,21.0,5.0,0.0,0.0,10.0,38.0,66.0,0.0,35.0,21.0,39.0,37.0,31.0,0.0,1.0,45.0,49.0,45.0,1.0,29.0,11.0,0.0
2014-07-01,0.0,22.0,47.0,62.0,27.0,0.0,0.0,44.0,33.0,0.0,36.0,31.0,28.0,15.0,0.0,51.0,73.0,25.0,54.0,39.0,0.0,53.0,30.0,53.0,24.0,0.0,73.0,18.0,0.0,49.0,43.0,32.0,45.0,51.0,36.0,20.0,6.0,0.0,4.0,7.0,0.0,0.0,51.0,7.0,22.0,0.0,12.0,34.0,53.0,15.0,10.0,0.0,0.0,43.0,32.0,0.0,54.0,0.0,0.0,0.0,21.0,8.0,8.0,0.0,0.0,39.0,58.0,0.0,27.0,20.0,43.0,38.0,34.0,0.0,1.0,46.0,55.0,39.0,0.0,27.0,13.0,0.0
2014-08-01,0.0,35.0,57.0,63.0,31.0,9.0,0.0,48.0,38.0,0.0,42.0,33.0,17.0,21.0,0.0,59.0,73.0,29.0,51.0,31.0,0.0,60.0,27.0,51.0,25.0,0.0,96.0,23.0,0.0,55.0,39.0,44.0,59.0,52.0,46.0,29.0,8.0,8.0,4.0,6.0,0.0,0.0,52.0,6.0,23.0,0.0,11.0,36.0,56.0,15.0,0.0,0.0,0.0,55.0,32.0,0.0,57.0,0.0,0.0,0.0,25.0,8.0,8.0,0.0,9.0,40.0,65.0,0.0,42.0,26.0,50.0,46.0,43.0,0.0,1.0,51.0,52.0,42.0,0.0,27.0,12.0,0.0
2014-09-01,0.0,31.0,34.0,58.0,37.0,0.0,0.0,38.0,33.0,0.0,25.0,41.0,16.0,18.0,0.0,56.0,63.0,33.0,44.0,32.0,0.0,55.0,26.0,47.0,26.0,0.0,71.0,31.0,0.0,43.0,37.0,40.0,46.0,50.0,48.0,33.0,11.0,12.0,4.0,6.0,0.0,0.0,44.0,7.0,23.0,0.0,10.0,35.0,57.0,25.0,0.0,0.0,0.0,40.0,32.0,0.0,49.0,0.0,0.0,0.0,27.0,11.0,9.0,0.0,9.0,44.0,66.0,0.0,26.0,33.0,45.0,45.0,25.0,0.0,1.0,43.0,51.0,39.0,0.0,26.0,13.0,0.0
2014-10-01,0.0,24.0,32.0,53.0,43.0,9.0,0.0,34.0,32.0,0.0,34.0,28.0,21.0,23.0,0.0,52.0,61.0,39.0,34.0,31.0,0.0,60.0,21.0,43.0,16.0,0.0,60.0,35.0,0.0,45.0,30.0,59.0,42.0,47.0,58.0,46.0,14.0,10.0,4.0,6.0,0.0,0.0,36.0,9.0,25.0,0.0,11.0,35.0,58.0,34.0,0.0,0.0,0.0,35.0,30.0,0.0,48.0,0.0,0.0,0.0,28.0,14.0,12.0,0.0,9.0,35.0,67.0,0.0,27.0,28.0,41.0,39.0,22.0,0.0,1.0,31.0,38.0,36.0,0.0,26.0,14.0,0.0
2014-11-01,0.0,18.0,28.0,51.0,51.0,8.0,0.0,33.0,41.0,0.0,29.0,23.0,22.0,16.0,0.0,48.0,57.0,55.0,34.0,26.0,0.0,60.0,21.0,39.0,16.0,0.0,57.0,23.0,0.0,43.0,29.0,45.0,43.0,52.0,73.0,64.0,23.0,11.0,4.0,6.0,0.0,0.0,31.0,8.0,23.0,0.0,9.0,36.0,48.0,26.0,0.0,0.0,0.0,41.0,30.0,0.0,54.0,0.0,0.0,0.0,31.0,20.0,13.0,0.0,11.0,35.0,73.0,0.0,16.0,28.0,41.0,40.0,20.0,0.0,1.0,22.0,39.0,39.0,0.0,25.0,14.0,0.0
2014-12-01,0.0,35.0,28.0,43.0,39.0,14.0,0.0,34.0,35.0,0.0,29.0,31.0,20.0,18.0,0.0,48.0,52.0,48.0,33.0,30.0,0.0,57.0,20.0,37.0,14.0,0.0,61.0,18.0,0.0,44.0,31.0,48.0,38.0,50.0,62.0,39.0,28.0,17.0,4.0,6.0,0.0,0.0,28.0,7.0,20.0,0.0,9.0,31.0,46.0,14.0,8.0,6.0,0.0,39.0,29.0,0.0,41.0,0.0,0.0,0.0,27.0,21.0,21.0,0.0,7.0,40.0,68.0,0.0,34.0,36.0,41.0,52.0,25.0,0.0,1.0,29.0,39.0,36.0,0.0,25.0,12.0,0.0
2015-01-01,0.0,38.0,41.0,69.0,53.0,43.0,39.0,35.0,41.0,0.0,43.0,42.0,33.0,33.0,0.0,45.0,60.0,47.0,51.0,34.0,0.0,64.0,29.0,64.0,23.0,0.0,68.0,25.0,0.0,42.0,39.0,34.0,52.0,60.0,72.0,7.0,62.0,55.0,5.0,7.0,0.0,0.0,58.0,7.0,26.0,0.0,9.0,40.0,59.0,23.0,0.0,0.0,0.0,57.0,34.0,0.0,45.0,0.0,0.0,0.0,34.0,47.0,54.0,0.0,13.0,52.0,68.0,0.0,21.0,39.0,48.0,56.0,20.0,0.0,1.0,33.0,47.0,56.0,0.0,36.0,14.0,0.0
2015-02-01,0.0,40.0,37.0,59.0,41.0,11.0,26.0,35.0,40.0,0.0,35.0,33.0,22.0,28.0,0.0,46.0,58.0,46.0,50.0,42.0,0.0,65.0,28.0,53.0,24.0,0.0,71.0,29.0,0.0,58.0,39.0,42.0,50.0,56.0,72.0,0.0,20.0,54.0,4.0,7.0,0.0,0.0,48.0,7.0,24.0,0.0,9.0,40.0,51.0,19.0,7.0,0.0,0.0,55.0,30.0,0.0,43.0,0.0,0.0,0.0,32.0,17.0,48.0,0.0,11.0,48.0,67.0,0.0,38.0,40.0,51.0,56.0,29.0,0.0,1.0,30.0,50.0,53.0,0.0,26.0,13.0,0.0
2015-03-01,0.0,41.0,36.0,65.0,50.0,0.0,43.0,35.0,39.0,0.0,39.0,40.0,20.0,27.0,0.0,53.0,60.0,45.0,43.0,44.0,0.0,67.0,28.0,55.0,18.0,0.0,77.0,35.0,0.0,49.0,41.0,61.0,49.0,60.0,76.0,6.0,0.0,28.0,4.0,7.0,0.0,0.0,45.0,8.0,26.0,0.0,11.0,47.0,59.0,31.0,0.0,5.0,0.0,54.0,33.0,0.0,52.0,0.0,0.0,0.0,30.0,2.0,23.0,0.0,10.0,48.0,77.0,0.0,19.0,36.0,47.0,50.0,23.0,0.0,1.0,54.0,49.0,54.0,1.0,30.0,15.0,0.0
2015-04-01,0.0,35.0,36.0,55.0,36.0,0.0,44.0,36.0,42.0,0.0,35.0,34.0,19.0,25.0,0.0,53.0,63.0,38.0,49.0,39.0,0.0,65.0,25.0,56.0,19.0,0.0,82.0,29.0,0.0,49.0,34.0,39.0,52.0,62.0,58.0,7.0,0.0,0.0,4.0,7.0,0.0,0.0,35.0,8.0,24.0,0.0,11.0,37.0,50.0,17.0,0.0,0.0,0.0,47.0,36.0,11.0,51.0,0.0,0.0,0.0,23.0,3.0,0.0,0.0,9.0,48.0,75.0,0.0,38.0,27.0,41.0,43.0,28.0,0.0,1.0,45.0,47.0,55.0,0.0,30.0,13.0,0.0
2015-05-01,0.0,41.0,38.0,53.0,32.0,0.0,31.0,38.0,47.0,0.0,43.0,36.0,20.0,30.0,0.0,49.0,64.0,36.0,47.0,36.0,0.0,64.0,27.0,52.0,20.0,0.0,74.0,23.0,0.0,41.0,36.0,36.0,51.0,59.0,58.0,11.0,3.0,6.0,4.0,7.0,0.0,0.0,41.0,8.0,26.0,0.0,10.0,36.0,47.0,14.0,0.0,0.0,0.0,46.0,31.0,0.0,46.0,0.0,0.0,0.0,24.0,2.0,5.0,0.0,11.0,47.0,71.0,0.0,28.0,21.0,41.0,37.0,27.0,0.0,1.0,39.0,47.0,51.0,0.0,31.0,13.0,0.0
2015-06-01,0.0,18.0,34.0,53.0,30.0,0.0,0.0,38.0,40.0,0.0,39.0,24.0,23.0,32.0,0.0,47.0,61.0,26.0,55.0,31.0,0.0,53.0,30.0,55.0,19.0,0.0,54.0,49.0,0.0,33.0,44.0,23.0,43.0,52.0,48.0,15.0,3.0,0.0,5.0,7.0,0.0,0.0,43.0,7.0,25.0,0.0,14.0,34.0,57.0,52.0,0.0,0.0,0.0,45.0,34.0,0.0,40.0,0.0,0.0,0.0,22.0,2.0,0.0,0.0,12.0,44.0,73.0,0.0,17.0,24.0,33.0,26.0,16.0,0.0,1.0,52.0,48.0,49.0,0.0,29.0,15.0,0.0
2015-07-01,0.0,0.0,49.0,51.0,27.0,0.0,0.0,44.0,46.0,0.0,24.0,36.0,23.0,23.0,0.0,58.0,79.0,31.0,52.0,42.0,0.0,53.0,29.0,52.0,17.0,0.0,67.0,51.0,0.0,36.0,38.0,28.0,36.0,45.0,39.0,11.0,4.0,0.0,4.0,6.0,0.0,0.0,35.0,6.0,24.0,0.0,14.0,36.0,57.0,52.0,0.0,0.0,0.0,44.0,35.0,0.0,52.0,0.0,0.0,0.0,21.0,5.0,0.0,0.0,16.0,46.0,69.0,0.0,18.0,15.0,30.0,27.0,21.0,0.0,1.0,44.0,51.0,49.0,0.0,28.0,12.0,0.0
2015-08-01,0.0,17.0,42.0,53.0,32.0,0.0,0.0,39.0,55.0,0.0,29.0,42.0,30.0,34.0,0.0,57.0,67.0,33.0,54.0,55.0,0.0,53.0,28.0,54.0,18.0,0.0,82.0,32.0,0.0,38.0,41.0,36.0,45.0,49.0,43.0,19.0,6.0,0.0,4.0,6.0,0.0,0.0,35.0,7.0,25.0,0.0,11.0,36.0,50.0,27.0,0.0,0.0,0.0,40.0,34.0,0.0,61.0,0.0,0.0,0.0,23.0,7.0,7.0,0.0,15.0,47.0,58.0,0.0,25.0,23.0,38.0,29.0,26.0,0.0,1.0,46.0,53.0,50.0,0.0,31.0,12.0,0.0
2015-09-01,0.0,18.0,28.0,43.0,35.0,5.0,0.0,41.0,48.0,0.0,27.0,34.0,22.0,25.0,0.0,51.0,62.0,34.0,41.0,40.0,0.0,61.0,25.0,46.0,13.0,0.0,63.0,27.0,0.0,40.0,33.0,59.0,37.0,50.0,57.0,33.0,11.0,9.0,4.0,6.0,0.0,0.0,30.0,8.0,25.0,0.0,11.0,35.0,49.0,29.0,0.0,0.0,0.0,44.0,34.0,0.0,63.0,0.0,0.0,0.0,26.0,8.0,12.0,0.0,14.0,42.0,75.0,0.0,29.0,26.0,40.0,36.0,21.0,33.0,1.0,43.0,48.0,42.0,0.0,29.0,12.0,0.0
2015-10-01,0.0,26.0,26.0,46.0,49.0,11.0,0.0,35.0,44.0,0.0,36.0,33.0,31.0,25.0,0.0,48.0,59.0,47.0,37.0,34.0,0.0,63.0,24.0,43.0,16.0,0.0,58.0,24.0,0.0,44.0,34.0,41.0,42.0,54.0,69.0,47.0,15.0,14.0,4.0,7.0,0.0,0.0,30.0,8.0,27.0,0.0,12.0,42.0,44.0,17.0,0.0,0.0,0.0,45.0,35.0,0.0,59.0,0.0,0.0,0.0,29.0,12.0,14.0,0.0,11.0,42.0,78.0,0.0,54.0,39.0,41.0,37.0,18.0,21.0,1.0,37.0,54.0,39.0,0.0,30.0,12.0,0.0
2015-11-01,0.0,24.0,21.0,42.0,39.0,11.0,0.0,34.0,46.0,0.0,30.0,29.0,27.0,36.0,0.0,45.0,50.0,37.0,34.0,36.0,0.0,56.0,22.0,41.0,17.0,0.0,49.0,60.0,0.0,33.0,33.0,39.0,31.0,46.0,57.0,48.0,17.0,10.0,4.0,7.0,0.0,0.0,27.0,7.0,27.0,0.0,10.0,31.0,54.0,52.0,0.0,0.0,0.0,40.0,32.0,0.0,57.0,0.0,0.0,0.0,26.0,14.0,8.0,0.0,22.0,37.0,69.0,0.0,35.0,25.0,39.0,29.0,11.0,14.0,1.0,24.0,56.0,47.0,0.0,31.0,13.0,0.0
2015-12-01,0.0,21.0,27.0,40.0,34.0,16.0,0.0,35.0,48.0,0.0,24.0,34.0,22.0,32.0,0.0,46.0,55.0,39.0,39.0,36.0,0.0,56.0,24.0,42.0,16.0,0.0,56.0,32.0,0.0,33.0,32.0,51.0,32.0,44.0,47.0,22.0,24.0,20.0,4.0,7.0,0.0,0.0,25.0,7.0,22.0,0.0,10.0,35.0,43.0,18.0,0.0,0.0,3.0,33.0,29.0,0.0,42.0,0.0,0.0,0.0,23.0,18.0,19.0,0.0,14.0,40.0,66.0,0.0,20.0,26.0,33.0,27.0,15.0,29.0,1.0,30.0,44.0,41.0,0.0,26.0,12.0,0.0
2016-01-01,0.0,29.0,34.0,59.0,45.0,35.0,22.0,33.0,52.0,0.0,45.0,44.0,32.0,31.0,0.0,49.0,60.0,39.0,53.0,42.0,1.0,59.0,31.0,61.0,23.0,0.0,66.0,46.0,0.0,41.0,46.0,37.0,50.0,58.0,61.0,3.0,41.0,54.0,5.0,6.0,0.0,0.0,46.0,7.0,27.0,0.0,10.0,42.0,58.0,37.0,0.0,0.0,0.0,63.0,34.0,0.0,54.0,0.0,0.0,0.0,31.0,38.0,46.0,0.0,15.0,51.0,70.0,0.0,18.0,28.0,44.0,47.0,22.0,44.0,1.0,44.0,57.0,59.0,0.0,35.0,12.0,0.0
2016-02-01,0.0,26.0,35.0,54.0,44.0,8.0,32.0,33.0,54.0,0.0,51.0,33.0,19.0,37.0,0.0,46.0,57.0,43.0,46.0,61.0,0.0,67.0,28.0,57.0,28.0,0.0,69.0,36.0,0.0,52.0,43.0,42.0,50.0,59.0,66.0,4.0,12.0,51.0,5.0,7.0,0.0,0.0,38.0,8.0,26.0,0.0,10.0,44.0,51.0,26.0,0.0,0.0,0.0,55.0,35.0,0.0,59.0,0.0,0.0,0.0,28.0,11.0,50.0,0.0,19.0,48.0,71.0,0.0,20.0,36.0,46.0,40.0,21.0,36.0,1.0,46.0,58.0,58.0,0.0,29.0,12.0,0.0
2016-03-01,0.0,21.0,29.0,48.0,34.0,0.0,41.0,33.0,55.0,0.0,46.0,37.0,19.0,38.0,0.0,50.0,55.0,39.0,50.0,53.0,0.0,64.0,29.0,58.0,19.0,0.0,68.0,37.0,0.0,36.0,46.0,38.0,45.0,57.0,61.0,5.0,0.0,22.0,5.0,7.0,0.0,0.0,35.0,7.0,24.0,0.0,12.0,43.0,52.0,26.0,0.0,0.0,0.0,47.0,34.0,0.0,60.0,0.0,0.0,0.0,26.0,0.0,24.0,0.0,18.0,44.0,74.0,0.0,25.0,38.0,43.0,39.0,20.0,31.0,1.0,48.0,58.0,51.0,0.0,32.0,12.0,0.0
2016-04-01,0.0,27.0,26.0,50.0,29.0,0.0,49.0,31.0,48.0,0.0,40.0,28.0,25.0,44.0,0.0,49.0,56.0,32.0,49.0,52.0,0.0,68.0,28.0,53.0,27.0,0.0,77.0,33.0,0.0,49.0,40.0,35.0,45.0,54.0,46.0,8.0,0.0,0.0,4.0,6.0,0.0,0.0,35.0,8.0,23.0,0.0,11.0,44.0,48.0,23.0,0.0,6.0,0.0,40.0,33.0,0.0,57.0,0.0,0.0,0.0,20.0,2.0,0.0,0.0,17.0,40.0,72.0,0.0,26.0,30.0,41.0,33.0,21.0,35.0,1.0,43.0,54.0,53.0,0.0,32.0,11.0,0.0
2016-05-01,0.0,29.0,25.0,51.0,28.0,0.0,27.0,38.0,51.0,0.0,38.0,36.0,24.0,44.0,0.0,52.0,58.0,39.0,51.0,61.0,0.0,66.0,33.0,53.0,18.0,0.0,69.0,37.0,0.0,44.0,43.0,40.0,39.0,56.0,49.0,7.0,0.0,0.0,4.0,6.0,0.0,0.0,41.0,9.0,25.0,0.0,12.0,52.0,51.0,26.0,0.0,0.0,0.0,45.0,33.0,0.0,52.0,0.0,0.0,0.0,23.0,0.0,0.0,0.0,18.0,44.0,80.0,0.0,30.0,21.0,40.0,40.0,22.0,39.0,1.0,44.0,53.0,57.0,0.0,31.0,12.0,0.0
2016-06-01,0.0,17.0,32.0,46.0,23.0,0.0,0.0,34.0,48.0,0.0,34.0,34.0,25.0,41.0,0.0,47.0,56.0,27.0,47.0,49.0,0.0,54.0,33.0,53.0,19.0,0.0,53.0,32.0,0.0,28.0,37.0,34.0,35.0,48.0,33.0,9.0,3.0,0.0,4.0,6.0,0.0,0.0,37.0,7.0,22.0,0.0,16.0,43.0,46.0,17.0,8.0,0.0,0.0,41.0,37.0,0.0,53.0,0.0,0.0,0.0,19.0,3.0,5.0,0.0,13.0,46.0,68.0,0.0,15.0,0.0,32.0,23.0,20.0,33.0,1.0,57.0,50.0,43.0,1.0,35.0,10.0,0.0
2016-07-01,0.0,33.0,48.0,48.0,23.0,0.0,0.0,42.0,55.0,0.0,25.0,37.0,19.0,53.0,0.0,60.0,67.0,30.0,57.0,57.0,0.0,60.0,34.0,60.0,19.0,0.0,74.0,37.0,0.0,34.0,44.0,28.0,41.0,51.0,37.0,14.0,4.0,0.0,4.0,6.0,0.0,0.0,36.0,7.0,22.0,0.0,14.0,43.0,46.0,27.0,0.0,0.0,0.0,48.0,34.0,0.0,53.0,0.0,0.0,0.0,20.0,5.0,0.0,0.0,20.0,45.0,69.0,0.0,16.0,26.0,33.0,29.0,22.0,50.0,1.0,59.0,61.0,43.0,0.0,31.0,11.0,0.0
2016-08-01,0.0,18.0,40.0,43.0,25.0,0.0,0.0,36.0,55.0,0.0,31.0,34.0,24.0,41.0,0.0,54.0,63.0,29.0,47.0,49.0,0.0,56.0,32.0,54.0,16.0,0.0,80.0,31.0,0.0,36.0,38.0,33.0,41.0,47.0,42.0,28.0,6.0,6.0,4.0,6.0,0.0,0.0,33.0,6.0,20.0,0.0,12.0,37.0,46.0,19.0,0.0,6.0,0.0,44.0,34.0,0.0,58.0,0.0,0.0,0.0,21.0,6.0,9.0,0.0,21.0,44.0,61.0,0.0,17.0,27.0,36.0,33.0,21.0,38.0,1.0,64.0,49.0,44.0,0.0,30.0,11.0,0.0
2016-09-01,0.0,27.0,26.0,43.0,34.0,0.0,0.0,33.0,49.0,0.0,30.0,42.0,19.0,41.0,0.0,56.0,57.0,34.0,36.0,56.0,0.0,64.0,32.0,50.0,17.0,0.0,65.0,31.0,0.0,39.0,40.0,44.0,41.0,56.0,51.0,32.0,9.0,12.0,4.0,6.0,0.0,0.0,35.0,8.0,23.0,0.0,13.0,44.0,45.0,17.0,0.0,0.0,0.0,55.0,36.0,11.0,61.0,0.0,0.0,0.0,26.0,11.0,11.0,0.0,21.0,50.0,60.0,0.0,0.0,20.0,39.0,39.0,18.0,22.0,1.0,40.0,54.0,45.0,0.0,30.0,12.0,0.0
2016-10-01,0.0,27.0,29.0,48.0,38.0,11.0,0.0,33.0,51.0,0.0,37.0,39.0,35.0,49.0,0.0,58.0,56.0,44.0,39.0,53.0,0.0,64.0,30.0,53.0,12.0,0.0,61.0,28.0,0.0,45.0,35.0,41.0,47.0,67.0,63.0,47.0,15.0,17.0,5.0,6.0,0.0,0.0,33.0,8.0,23.0,0.0,13.0,50.0,47.0,19.0,0.0,6.0,0.0,49.0,36.0,0.0,56.0,0.0,0.0,0.0,29.0,15.0,15.0,0.0,20.0,46.0,73.0,0.0,30.0,36.0,44.0,43.0,23.0,27.0,1.0,52.0,53.0,43.0,1.0,35.0,11.0,0.0
2016-11-01,0.0,21.0,29.0,41.0,42.0,17.0,0.0,34.0,52.0,0.0,30.0,41.0,29.0,51.0,0.0,50.0,50.0,51.0,42.0,52.0,0.0,64.0,30.0,56.0,16.0,0.0,62.0,24.0,0.0,44.0,38.0,47.0,44.0,68.0,70.0,61.0,23.0,16.0,4.0,6.0,0.0,0.0,29.0,8.0,22.0,0.0,13.0,44.0,42.0,17.0,0.0,0.0,0.0,52.0,38.0,0.0,60.0,0.0,0.0,0.0,30.0,23.0,19.0,0.0,20.0,51.0,68.0,0.0,20.0,21.0,42.0,40.0,22.0,25.0,1.0,48.0,48.0,46.0,0.0,35.0,11.0,0.0
2016-12-01,0.0,21.0,25.0,40.0,39.0,19.0,17.0,37.0,64.0,0.0,37.0,40.0,29.0,46.0,0.0,51.0,50.0,48.0,35.0,49.0,0.0,66.0,28.0,51.0,15.0,0.0,54.0,24.0,0.0,39.0,35.0,33.0,37.0,54.0,58.0,25.0,28.0,30.0,4.0,6.0,0.0,0.0,32.0,8.0,21.0,0.0,12.0,45.0,42.0,10.0,0.0,0.0,0.0,51.0,37.0,13.0,62.0,0.0,0.0,0.0,28.0,28.0,23.0,0.0,28.0,44.0,65.0,0.0,25.0,30.0,37.0,34.0,16.0,23.0,1.0,45.0,52.0,56.0,0.0,31.0,10.0,0.0
2017-01-01,0.0,36.0,42.0,62.0,53.0,32.0,36.0,42.0,55.0,0.0,59.0,54.0,49.0,68.0,0.0,60.0,58.0,50.0,57.0,69.0,0.0,68.0,40.0,77.0,21.0,0.0,68.0,50.0,0.0,50.0,54.0,46.0,57.0,70.0,76.0,4.0,59.0,67.0,6.0,8.0,0.0,0.0,56.0,9.0,27.0,0.0,13.0,61.0,66.0,37.0,10.0,10.0,0.0,65.0,40.0,0.0,64.0,1.0,0.0,0.0,36.0,51.0,54.0,0.0,19.0,65.0,75.0,0.0,27.0,36.0,47.0,39.0,24.0,32.0,1.0,48.0,52.0,72.0,1.0,47.0,14.0,0.0
2017-02-01,0.0,29.0,32.0,60.0,47.0,11.0,47.0,38.0,55.0,0.0,43.0,50.0,31.0,62.0,0.0,59.0,60.0,54.0,47.0,53.0,0.0,68.0,35.0,65.0,26.0,0.0,69.0,45.0,0.0,60.0,48.0,34.0,47.0,70.0,75.0,4.0,16.0,49.0,5.0,8.0,0.0,0.0,44.0,8.0,26.0,0.0,11.0,54.0,60.0,25.0,0.0,6.0,0.0,66.0,41.0,0.0,55.0,0.0,0.0,0.0,30.0,15.0,50.0,0.0,28.0,57.0,74.0,0.0,24.0,36.0,42.0,49.0,16.0,35.0,1.0,70.0,55.0,68.0,0.0,41.0,12.0,0.0
2017-03-01,0.0,26.0,32.0,52.0,43.0,5.0,40.0,41.0,62.0,0.0,45.0,58.0,45.0,67.0,0.0,69.0,58.0,51.0,57.0,72.0,0.0,76.0,40.0,71.0,18.0,0.0,75.0,42.0,0.0,50.0,49.0,42.0,47.0,69.0,64.0,6.0,2.0,24.0,5.0,8.0,0.0,0.0,38.0,8.0,26.0,0.0,14.0,56.0,61.0,27.0,6.0,0.0,0.0,73.0,41.0,0.0,56.0,0.0,0.0,0.0,30.0,2.0,22.0,0.0,26.0,61.0,77.0,0.0,31.0,41.0,48.0,50.0,22.0,40.0,1.0,60.0,62.0,73.0,0.0,42.0,14.0,0.0
2017-04-01,0.0,48.0,33.0,52.0,33.0,0.0,53.0,42.0,66.0,0.0,56.0,48.0,39.0,66.0,0.0,75.0,63.0,44.0,55.0,63.0,0.0,78.0,35.0,66.0,17.0,0.0,86.0,38.0,0.0,55.0,46.0,45.0,51.0,70.0,49.0,9.0,3.0,6.0,5.0,7.0,0.0,0.0,35.0,8.0,27.0,0.0,13.0,61.0,54.0,20.0,8.0,5.0,0.0,64.0,43.0,0.0,67.0,0.0,0.0,0.0,26.0,4.0,6.0,0.0,34.0,56.0,77.0,0.0,23.0,47.0,46.0,38.0,16.0,32.0,1.0,60.0,66.0,66.0,0.0,42.0,13.0,0.0
2017-05-01,0.0,23.0,28.0,51.0,30.0,0.0,19.0,40.0,55.0,0.0,50.0,51.0,33.0,68.0,0.0,60.0,55.0,34.0,47.0,57.0,0.0,69.0,37.0,59.0,13.0,0.0,65.0,36.0,0.0,47.0,40.0,31.0,43.0,57.0,45.0,10.0,6.0,5.0,5.0,7.0,0.0,0.0,34.0,8.0,23.0,0.0,15.0,49.0,51.0,17.0,7.0,0.0,0.0,66.0,37.0,0.0,55.0,0.0,0.0,0.0,23.0,4.0,7.0,0.0,26.0,61.0,77.0,0.0,19.0,29.0,40.0,36.0,12.0,36.0,1.0,64.0,58.0,65.0,0.0,39.0,12.0,0.0
2017-06-01,0.0,28.0,36.0,47.0,29.0,0.0,0.0,38.0,51.0,0.0,31.0,40.0,29.0,58.0,0.0,51.0,59.0,29.0,48.0,56.0,0.0,66.0,37.0,59.0,17.0,0.0,56.0,37.0,0.0,34.0,42.0,30.0,36.0,56.0,42.0,12.0,4.0,0.0,5.0,7.0,0.0,0.0,37.0,8.0,23.0,0.0,16.0,46.0,51.0,23.0,10.0,6.0,0.0,53.0,39.0,13.0,65.0,0.0,0.0,0.0,23.0,5.0,0.0,0.0,24.0,47.0,64.0,0.0,15.0,25.0,38.0,35.0,21.0,28.0,1.0,58.0,57.0,57.0,1.0,35.0,13.0,0.0
2017-07-01,0.0,36.0,46.0,58.0,34.0,7.0,0.0,42.0,60.0,0.0,38.0,52.0,44.0,65.0,0.0,68.0,71.0,34.0,63.0,65.0,0.0,68.0,44.0,73.0,18.0,0.0,78.0,34.0,0.0,44.0,50.0,41.0,47.0,62.0,46.0,20.0,5.0,11.0,5.0,7.0,0.0,0.0,46.0,8.0,22.0,0.0,19.0,55.0,54.0,17.0,0.0,0.0,0.0,67.0,42.0,0.0,53.0,0.0,0.0,0.0,28.0,9.0,11.0,0.0,23.0,56.0,78.0,0.0,21.0,17.0,40.0,23.0,14.0,38.0,1.0,77.0,70.0,63.0,0.0,40.0,13.0,0.0
2017-08-01,0.0,29.0,44.0,57.0,38.0,10.0,0.0,48.0,68.0,0.0,40.0,55.0,45.0,60.0,0.0,72.0,66.0,37.0,56.0,69.0,0.0,71.0,38.0,68.0,20.0,0.0,91.0,40.0,0.0,51.0,53.0,42.0,44.0,59.0,50.0,30.0,10.0,10.0,5.0,7.0,0.0,0.0,41.0,8.0,24.0,0.0,15.0,49.0,53.0,20.0,0.0,0.0,0.0,59.0,41.0,10.0,66.0,0.0,0.0,0.0,29.0,12.0,14.0,0.0,29.0,58.0,69.0,0.0,23.0,37.0,45.0,39.0,21.0,43.0,1.0,70.0,63.0,56.0,0.0,40.0,12.0,0.0
2017-09-01,0.0,28.0,32.0,53.0,45.0,10.0,0.0,39.0,67.0,0.0,53.0,60.0,50.0,65.0,0.0,65.0,62.0,40.0,47.0,72.0,0.0,78.0,35.0,60.0,20.0,0.0,72.0,34.0,0.0,47.0,40.0,37.0,46.0,59.0,63.0,51.0,14.0,16.0,5.0,7.0,0.0,0.0,39.0,9.0,22.0,0.0,14.0,51.0,50.0,15.0,8.0,6.0,0.0,69.0,41.0,0.0,62.0,0.0,0.0,0.0,31.0,17.0,18.0,0.0,26.0,64.0,71.0,0.0,30.0,41.0,45.0,43.0,16.0,49.0,1.0,53.0,60.0,59.0,1.0,43.0,12.0,0.0
2017-10-01,0.0,43.0,34.0,56.0,55.0,20.0,16.0,46.0,61.0,0.0,52.0,53.0,44.0,60.0,0.0,67.0,59.0,52.0,52.0,74.0,0.0,79.0,37.0,65.0,23.0,0.0,70.0,38.0,0.0,59.0,43.0,48.0,49.0,69.0,73.0,69.0,25.0,26.0,5.0,8.0,0.0,0.0,37.0,9.0,25.0,0.0,16.0,55.0,58.0,18.0,8.0,7.0,0.0,70.0,44.0,0.0,60.0,0.0,0.0,0.0,36.0,27.0,24.0,0.0,34.0,61.0,75.0,0.0,30.0,36.0,50.0,44.0,18.0,47.0,1.0,49.0,58.0,62.0,0.0,43.0,12.0,0.0
2017-11-01,0.0,27.0,27.0,53.0,54.0,26.0,19.0,39.0,60.0,0.0,47.0,50.0,41.0,71.0,0.0,60.0,56.0,51.0,44.0,81.0,0.0,75.0,36.0,62.0,18.0,0.0,68.0,36.0,0.0,54.0,42.0,57.0,43.0,65.0,68.0,65.0,35.0,30.0,5.0,9.0,0.0,0.0,32.0,10.0,26.0,0.0,16.0,54.0,54.0,16.0,0.0,0.0,0.0,71.0,41.0,0.0,62.0,0.0,0.0,0.0,32.0,29.0,26.0,1.0,30.0,57.0,68.0,0.0,28.0,43.0,52.0,52.0,16.0,37.0,1.0,46.0,56.0,64.0,0.0,36.0,13.0,0.0
2017-12-01,0.0,21.0,29.0,57.0,52.0,30.0,0.0,39.0,65.0,0.0,58.0,54.0,41.0,65.0,0.0,58.0,48.0,58.0,40.0,75.0,0.0,74.0,37.0,57.0,13.0,0.0,62.0,31.0,0.0,51.0,43.0,44.0,42.0,67.0,67.0,26.0,43.0,30.0,5.0,7.0,0.0,0.0,34.0,9.0,25.0,0.0,15.0,46.0,50.0,13.0,0.0,5.0,0.0,72.0,39.0,10.0,67.0,0.0,0.0,0.0,33.0,36.0,31.0,0.0,27.0,61.0,70.0,0.0,24.0,36.0,44.0,42.0,12.0,38.0,1.0,48.0,54.0,62.0,0.0,39.0,14.0,0.0
2018-01-01,0.0,40.0,45.0,85.0,78.0,61.0,56.0,48.0,65.0,0.0,69.0,69.0,73.0,99.0,0.0,69.0,64.0,69.0,59.0,81.0,0.0,84.0,52.0,92.0,32.0,0.0,89.0,53.0,0.0,79.0,56.0,56.0,64.0,84.0,94.0,8.0,83.0,88.0,6.0,8.0,0.0,0.0,62.0,16.0,31.0,0.0,16.0,63.0,75.0,22.0,9.0,7.0,0.0,93.0,47.0,15.0,77.0,0.0,0.0,0.0,46.0,74.0,82.0,0.0,31.0,79.0,74.0,0.0,28.0,40.0,70.0,63.0,26.0,37.0,1.0,62.0,77.0,89.0,0.0,59.0,19.0,0.0
2018-02-01,0.0,26.0,36.0,72.0,77.0,24.0,54.0,45.0,67.0,0.0,62.0,67.0,46.0,89.0,0.0,62.0,65.0,70.0,54.0,85.0,0.0,86.0,44.0,77.0,27.0,0.0,84.0,40.0,0.0,72.0,58.0,60.0,52.0,75.0,90.0,7.0,26.0,78.0,6.0,9.0,0.0,0.0,44.0,11.0,29.0,0.0,17.0,64.0,63.0,13.0,0.0,0.0,0.0,71.0,46.0,20.0,71.0,0.0,0.0,0.0,42.0,22.0,74.0,0.0,25.0,70.0,76.0,0.0,40.0,55.0,61.0,62.0,15.0,34.0,1.0,73.0,74.0,80.0,0.0,48.0,16.0,0.0
2018-03-01,0.0,22.0,35.0,68.0,62.0,0.0,51.0,50.0,64.0,0.0,63.0,71.0,56.0,91.0,0.0,74.0,61.0,81.0,54.0,99.0,0.0,100.0,45.0,77.0,28.0,0.0,87.0,41.0,0.0,62.0,58.0,57.0,53.0,78.0,84.0,7.0,4.0,35.0,6.0,9.0,0.0,0.0,44.0,11.0,31.0,0.0,17.0,62.0,65.0,17.0,7.0,6.0,0.0,72.0,47.0,21.0,63.0,0.0,0.0,0.0,36.0,4.0,34.0,0.0,29.0,71.0,75.0,0.0,45.0,50.0,63.0,70.0,15.0,33.0,1.0,60.0,77.0,84.0,0.0,48.0,14.0,0.0
2018-04-01,0.0,28.0,29.0,62.0,48.0,7.0,93.0,46.0,53.0,0.0,58.0,60.0,59.0,98.0,0.0,75.0,62.0,60.0,49.0,100.0,0.0,89.0,44.0,71.0,18.0,0.0,87.0,39.0,0.0,55.0,51.0,50.0,48.0,70.0,82.0,12.0,5.0,5.0,5.0,8.0,0.0,0.0,42.0,10.0,28.0,0.0,16.0,61.0,61.0,14.0,0.0,6.0,0.0,69.0,44.0,22.0,65.0,0.0,0.0,0.0,32.0,5.0,6.0,0.0,26.0,67.0,73.0,0.0,37.0,38.0,52.0,47.0,16.0,36.0,1.0,59.0,73.0,74.0,0.0,47.0,14.0,0.0
2018-05-01,0.0,26.0,25.0,57.0,34.0,0.0,19.0,40.0,56.0,0.0,53.0,51.0,50.0,85.0,0.0,58.0,49.0,40.0,45.0,78.0,0.0,80.0,41.0,64.0,16.0,0.0,64.0,33.0,0.0,53.0,44.0,42.0,40.0,65.0,60.0,16.0,4.0,0.0,5.0,8.0,0.0,0.0,39.0,10.0,25.0,0.0,19.0,52.0,52.0,15.0,0.0,6.0,0.0,69.0,43.0,19.0,43.0,0.0,0.0,0.0,26.0,5.0,6.0,1.0,26.0,60.0,64.0,0.0,14.0,42.0,45.0,47.0,13.0,31.0,1.0,49.0,59.0,68.0,0.0,44.0,14.0,0.0
2018-06-01,0.0,24.0,35.0,60.0,30.0,0.0,0.0,55.0,64.0,3.0,48.0,59.0,60.0,91.0,2.0,61.0,53.0,37.0,51.0,82.0,0.0,72.0,50.0,74.0,20.0,1.0,68.0,39.0,0.0,45.0,50.0,39.0,39.0,65.0,44.0,17.0,6.0,0.0,17.0,15.0,0.0,0.0,40.0,21.0,36.0,23.0,27.0,58.0,58.0,11.0,0.0,5.0,0.0,65.0,47.0,21.0,62.0,11.0,0.0,20.0,34.0,8.0,7.0,19.0,26.0,64.0,72.0,0.0,22.0,30.0,40.0,38.0,14.0,36.0,23.0,63.0,74.0,81.0,5.0,47.0,28.0,0.0
2018-07-01,0.0,19.0,40.0,66.0,36.0,0.0,0.0,49.0,65.0,0.0,53.0,65.0,60.0,95.0,0.0,73.0,69.0,36.0,61.0,84.0,0.0,76.0,53.0,81.0,20.0,0.0,90.0,33.0,0.0,49.0,51.0,44.0,46.0,64.0,48.0,23.0,8.0,7.0,6.0,8.0,0.0,0.0,39.0,12.0,25.0,1.0,16.0,58.0,59.0,12.0,0.0,0.0,0.0,66.0,45.0,22.0,56.0,0.0,0.0,0.0,29.0,10.0,9.0,1.0,35.0,68.0,75.0,0.0,27.0,49.0,42.0,32.0,17.0,35.0,2.0,75.0,77.0,72.0,0.0,51.0,16.0,0.0
2018-08-01,0.0,33.0,41.0,63.0,39.0,5.0,0.0,48.0,63.0,0.0,45.0,59.0,58.0,79.0,0.0,73.0,63.0,37.0,42.0,93.0,0.0,73.0,44.0,66.0,20.0,0.0,93.0,33.0,0.0,57.0,47.0,49.0,44.0,61.0,63.0,35.0,13.0,12.0,5.0,7.0,0.0,0.0,39.0,9.0,22.0,0.0,16.0,55.0,56.0,13.0,8.0,0.0,0.0,71.0,42.0,24.0,58.0,0.0,0.0,0.0,30.0,14.0,11.0,0.0,27.0,68.0,66.0,0.0,27.0,36.0,53.0,48.0,19.0,50.0,1.0,68.0,74.0,74.0,0.0,51.0,13.0,0.0
2018-09-01,0.0,21.0,31.0,53.0,45.0,10.0,0.0,38.0,64.0,0.0,64.0,62.0,47.0,87.0,0.0,64.0,60.0,46.0,38.0,86.0,0.0,82.0,46.0,65.0,20.0,0.0,76.0,32.0,0.0,59.0,44.0,50.0,46.0,64.0,67.0,50.0,15.0,9.0,5.0,8.0,0.0,0.0,36.0,11.0,24.0,0.0,16.0,57.0,56.0,10.0,6.0,6.0,0.0,72.0,47.0,20.0,62.0,0.0,0.0,0.0,36.0,20.0,16.0,0.0,36.0,64.0,68.0,0.0,28.0,51.0,55.0,63.0,18.0,34.0,1.0,65.0,68.0,67.0,0.0,47.0,14.0,0.0
2018-10-01,0.0,23.0,27.0,53.0,59.0,20.0,0.0,39.0,60.0,0.0,59.0,64.0,52.0,83.0,0.0,63.0,51.0,70.0,39.0,83.0,0.0,93.0,42.0,66.0,21.0,0.0,71.0,30.0,0.0,59.0,44.0,55.0,42.0,67.0,85.0,60.0,29.0,19.0,5.0,9.0,0.0,0.0,35.0,10.0,24.0,0.0,20.0,63.0,55.0,10.0,7.0,0.0,0.0,67.0,48.0,22.0,65.0,0.0,0.0,0.0,41.0,26.0,23.0,0.0,29.0,71.0,67.0,0.0,23.0,51.0,58.0,58.0,16.0,34.0,1.0,61.0,64.0,64.0,0.0,50.0,12.0,0.0
2018-11-01,0.0,26.0,27.0,52.0,60.0,19.0,16.0,36.0,60.0,0.0,53.0,58.0,49.0,90.0,0.0,60.0,50.0,69.0,41.0,78.0,0.0,83.0,39.0,63.0,12.0,0.0,64.0,33.0,0.0,61.0,45.0,48.0,41.0,68.0,79.0,72.0,37.0,21.0,5.0,9.0,0.0,0.0,32.0,10.0,23.0,0.0,19.0,58.0,53.0,10.0,0.0,0.0,0.0,60.0,47.0,24.0,49.0,0.0,0.0,0.0,36.0,34.0,25.0,0.0,29.0,64.0,71.0,0.0,19.0,38.0,52.0,51.0,17.0,29.0,1.0,51.0,55.0,70.0,1.0,47.0,12.0,0.0
2018-12-01,0.0,24.0,27.0,49.0,48.0,27.0,16.0,37.0,62.0,0.0,48.0,58.0,45.0,78.0,0.0,59.0,52.0,54.0,37.0,74.0,0.0,73.0,41.0,58.0,18.0,0.0,69.0,45.0,0.0,52.0,42.0,46.0,41.0,67.0,65.0,29.0,41.0,26.0,7.0,9.0,0.0,0.0,34.0,10.0,25.0,0.0,17.0,57.0,60.0,16.0,11.0,4.0,0.0,64.0,43.0,21.0,49.0,0.0,0.0,0.0,33.0,42.0,30.0,0.0,31.0,60.0,63.0,0.0,15.0,37.0,47.0,46.0,10.0,37.0,1.0,54.0,58.0,71.0,0.0,44.0,14.0,0.0
2019-01-01,0.0,34.0,38.0,70.0,63.0,59.0,53.0,39.0,59.0,0.0,79.0,64.0,70.0,96.0,0.0,58.0,58.0,64.0,44.0,85.0,0.0,82.0,50.0,77.0,23.0,0.0,76.0,57.0,0.0,69.0,52.0,49.0,57.0,71.0,78.0,6.0,67.0,63.0,6.0,8.0,0.0,0.0,52.0,11.0,26.0,0.0,17.0,59.0,67.0,18.0,0.0,0.0,0.0,76.0,47.0,22.0,63.0,0.0,0.0,0.0,42.0,57.0,69.0,0.0,31.0,67.0,65.0,0.0,14.0,49.0,67.0,69.0,17.0,37.0,1.0,67.0,63.0,83.0,0.0,58.0,15.0,0.0
2019-02-01,0.0,42.0,33.0,61.0,54.0,22.0,34.0,42.0,64.0,0.0,66.0,56.0,47.0,99.0,0.0,59.0,55.0,56.0,44.0,84.0,0.0,82.0,45.0,73.0,26.0,0.0,83.0,46.0,0.0,70.0,50.0,45.0,57.0,68.0,73.0,6.0,16.0,54.0,6.0,9.0,0.0,0.0,43.0,11.0,25.0,0.0,17.0,65.0,60.0,12.0,6.0,5.0,0.0,73.0,46.0,23.0,52.0,0.0,0.0,0.0,33.0,19.0,55.0,0.0,35.0,65.0,65.0,0.0,38.0,39.0,60.0,52.0,15.0,46.0,1.0,57.0,61.0,77.0,0.0,60.0,14.0,0.0
2019-03-01,0.0,37.0,32.0,60.0,46.0,0.0,52.0,43.0,73.0,5.0,61.0,64.0,49.0,89.0,1.0,73.0,59.0,59.0,42.0,87.0,0.0,85.0,44.0,69.0,23.0,0.0,89.0,42.0,0.0,71.0,45.0,52.0,57.0,66.0,72.0,8.0,3.0,25.0,6.0,8.0,0.0,0.0,42.0,11.0,26.0,0.0,19.0,84.0,58.0,12.0,6.0,8.0,0.0,71.0,47.0,23.0,53.0,0.0,0.0,0.0,33.0,4.0,22.0,0.0,44.0,64.0,66.0,0.0,29.0,40.0,64.0,55.0,17.0,59.0,1.0,69.0,66.0,78.0,1.0,53.0,16.0,0.0
2019-04-01,49.0,34.0,28.0,51.0,45.0,0.0,55.0,39.0,60.0,0.0,70.0,54.0,57.0,100.0,0.0,78.0,58.0,61.0,36.0,92.0,0.0,84.0,47.0,68.0,24.0,0.0,92.0,42.0,0.0,60.0,48.0,50.0,57.0,71.0,80.0,9.0,6.0,5.0,6.0,8.0,0.0,0.0,41.0,11.0,24.0,0.0,19.0,89.0,57.0,15.0,6.0,5.0,0.0,73.0,46.0,24.0,55.0,0.0,0.0,0.0,33.0,5.0,7.0,0.0,28.0,67.0,71.0,0.0,30.0,33.0,55.0,54.0,17.0,52.0,1.0,59.0,69.0,72.0,0.0,54.0,16.0,0.0
2019-05-01,0.0,32.0,26.0,51.0,37.0,0.0,30.0,36.0,64.0,0.0,53.0,60.0,55.0,91.0,0.0,64.0,53.0,42.0,39.0,77.0,0.0,90.0,44.0,66.0,13.0,0.0,66.0,42.0,0.0,51.0,40.0,35.0,42.0,71.0,63.0,13.0,6.0,6.0,5.0,8.0,0.0,0.0,40.0,11.0,21.0,0.0,25.0,80.0,54.0,12.0,0.0,0.0,0.0,70.0,46.0,20.0,59.0,0.0,0.0,0.0,27.0,8.0,5.0,0.0,40.0,60.0,65.0,0.0,17.0,58.0,53.0,61.0,9.0,35.0,1.0,60.0,57.0,76.0,0.0,49.0,14.0,0.0
2019-06-01,0.0,22.0,32.0,53.0,34.0,0.0,0.0,48.0,66.0,0.0,55.0,64.0,58.0,92.0,0.0,83.0,64.0,46.0,45.0,81.0,0.0,77.0,51.0,73.0,20.0,0.0,79.0,37.0,0.0,53.0,47.0,36.0,42.0,67.0,58.0,20.0,8.0,8.0,6.0,8.0,0.0,0.0,42.0,10.0,21.0,0.0,23.0,82.0,58.0,16.0,0.0,7.0,0.0,73.0,53.0,30.0,58.0,1.0,0.0,0.0,31.0,8.0,8.0,0.0,36.0,67.0,69.0,0.0,30.0,40.0,44.0,42.0,15.0,39.0,1.0,76.0,71.0,75.0,3.0,54.0,13.0,0.0
2019-07-01,0.0,35.0,37.0,57.0,32.0,5.0,0.0,44.0,69.0,0.0,62.0,68.0,61.0,75.0,0.0,80.0,69.0,39.0,42.0,85.0,0.0,63.0,51.0,75.0,18.0,0.0,87.0,43.0,0.0,54.0,48.0,45.0,47.0,64.0,59.0,29.0,13.0,12.0,6.0,8.0,0.0,0.0,46.0,10.0,20.0,0.0,18.0,80.0,52.0,11.0,6.0,0.0,0.0,73.0,49.0,16.0,66.0,1.0,0.0,0.0,31.0,12.0,12.0,0.0,38.0,71.0,61.0,0.0,24.0,39.0,49.0,44.0,14.0,43.0,1.0,62.0,70.0,73.0,1.0,54.0,13.0,0.0
2019-08-01,0.0,36.0,36.0,56.0,44.0,9.0,23.0,43.0,74.0,0.0,61.0,63.0,58.0,91.0,0.0,79.0,64.0,39.0,43.0,87.0,0.0,72.0,50.0,71.0,21.0,0.0,97.0,37.0,0.0,48.0,50.0,44.0,47.0,61.0,65.0,42.0,14.0,8.0,5.0,8.0,0.0,0.0,45.0,10.0,20.0,0.0,17.0,78.0,58.0,16.0,7.0,4.0,0.0,78.0,50.0,20.0,64.0,0.0,0.0,0.0,32.0,14.0,17.0,0.0,49.0,66.0,69.0,0.0,14.0,51.0,55.0,47.0,16.0,52.0,1.0,67.0,70.0,69.0,0.0,53.0,14.0,0.0
2019-09-01,0.0,34.0,36.0,59.0,56.0,11.0,21.0,43.0,67.0,0.0,75.0,67.0,63.0,86.0,0.0,79.0,59.0,44.0,42.0,81.0,0.0,89.0,48.0,75.0,21.0,0.0,78.0,39.0,0.0,63.0,50.0,46.0,53.0,72.0,71.0,62.0,18.0,15.0,5.0,9.0,0.0,0.0,45.0,11.0,22.0,0.0,17.0,85.0,58.0,8.0,0.0,5.0,0.0,72.0,54.0,25.0,67.0,0.0,0.0,0.0,42.0,22.0,21.0,0.0,38.0,72.0,68.0,0.0,29.0,62.0,69.0,56.0,14.0,41.0,1.0,84.0,69.0,83.0,0.0,55.0,15.0,0.0
2019-10-01,0.0,30.0,33.0,54.0,53.0,17.0,17.0,37.0,67.0,0.0,63.0,69.0,58.0,80.0,0.0,75.0,55.0,67.0,40.0,74.0,0.0,94.0,45.0,70.0,21.0,0.0,77.0,36.0,0.0,63.0,49.0,47.0,52.0,66.0,87.0,78.0,35.0,24.0,5.0,9.0,0.0,0.0,38.0,10.0,21.0,0.0,21.0,93.0,55.0,8.0,0.0,0.0,0.0,83.0,50.0,27.0,58.0,0.0,0.0,0.0,39.0,30.0,21.0,0.0,50.0,70.0,63.0,0.0,25.0,48.0,68.0,70.0,13.0,37.0,1.0,78.0,61.0,71.0,0.0,52.0,15.0,0.0
2019-11-01,0.0,29.0,32.0,54.0,57.0,21.0,15.0,39.0,71.0,0.0,50.0,62.0,58.0,84.0,0.0,71.0,56.0,75.0,37.0,81.0,0.0,79.0,43.0,73.0,21.0,0.0,72.0,32.0,0.0,66.0,46.0,50.0,49.0,68.0,90.0,85.0,37.0,31.0,5.0,9.0,0.0,0.0,35.0,10.0,21.0,0.0,18.0,80.0,55.0,10.0,5.0,0.0,0.0,75.0,52.0,31.0,63.0,0.0,0.0,0.0,40.0,39.0,34.0,0.0,47.0,67.0,66.0,0.0,20.0,40.0,62.0,69.0,16.0,38.0,1.0,84.0,56.0,67.0,0.0,50.0,14.0,0.0
2019-12-01,0.0,30.0,37.0,50.0,51.0,30.0,17.0,42.0,69.0,0.0,70.0,63.0,54.0,77.0,0.0,78.0,55.0,75.0,44.0,69.0,0.0,78.0,45.0,73.0,25.0,0.0,75.0,36.0,0.0,62.0,45.0,42.0,54.0,63.0,75.0,35.0,47.0,29.0,5.0,9.0,0.0,0.0,35.0,11.0,20.0,0.0,18.0,75.0,53.0,9.0,0.0,5.0,0.0,70.0,50.0,34.0,59.0,0.0,0.0,0.0,35.0,50.0,37.0,0.0,37.0,63.0,66.0,0.0,16.0,49.0,58.0,59.0,8.0,31.0,1.0,98.0,55.0,70.0,0.0,52.0,13.0,0.0
2021-01-01,0.0,0.0,18.0,15.0,14.0,0.0,0.0,21.0,100.0,0.0,21.0,16.0,23.0,33.0,0.0,25.0,30.0,50.0,12.0,17.0,0.0,26.0,18.0,24.0,19.0,0.0,24.0,15.0,0.0,16.0,19.0,19.0,25.0,17.0,13.0,2.0,3.0,0.0,4.0,7.0,0.0,0.0,11.0,9.0,11.0,0.0,11.0,35.0,33.0,5.0,16.0,5.0,23.0,20.0,15.0,10.0,19.0,0.0,0.0,0.0,9.0,4.0,6.0,0.0,66.0,22.0,31.0,0.0,0.0,0.0,18.0,12.0,5.0,8.0,1.0,37.0,28.0,15.0,0.0,19.0,12.0,0.0
2021-02-01,0.0,18.0,16.0,13.0,12.0,0.0,0.0,19.0,83.0,0.0,14.0,15.0,17.0,26.0,0.0,24.0,31.0,42.0,13.0,18.0,0.0,21.0,17.0,23.0,17.0,0.0,25.0,16.0,0.0,15.0,17.0,16.0,21.0,15.0,12.0,0.0,2.0,0.0,4.0,8.0,0.0,0.0,9.0,10.0,10.0,0.0,12.0,30.0,33.0,5.0,13.0,6.0,25.0,20.0,14.0,0.0,18.0,0.0,0.0,0.0,9.0,3.0,5.0,0.0,55.0,21.0,31.0,0.0,0.0,10.0,15.0,12.0,0.0,10.0,1.0,32.0,26.0,14.0,0.0,18.0,10.0,11.0
2021-03-01,0.0,0.0,17.0,14.0,9.0,0.0,0.0,20.0,79.0,0.0,18.0,19.0,19.0,33.0,0.0,25.0,31.0,32.0,11.0,18.0,0.0,25.0,19.0,26.0,17.0,0.0,26.0,16.0,0.0,12.0,14.0,15.0,22.0,16.0,11.0,0.0,0.0,0.0,4.0,8.0,0.0,0.0,11.0,9.0,10.0,0.0,13.0,30.0,37.0,6.0,11.0,6.0,30.0,29.0,15.0,0.0,19.0,0.0,0.0,0.0,8.0,2.0,0.0,0.0,54.0,25.0,32.0,0.0,13.0,0.0,16.0,11.0,5.0,13.0,1.0,33.0,25.0,19.0,0.0,20.0,12.0,0.0
2021-04-01,0.0,16.0,18.0,15.0,6.0,0.0,0.0,19.0,79.0,0.0,18.0,17.0,16.0,31.0,0.0,22.0,27.0,23.0,11.0,17.0,0.0,22.0,20.0,27.0,17.0,0.0,22.0,17.0,0.0,11.0,14.0,17.0,25.0,14.0,8.0,3.0,0.0,0.0,4.0,8.0,0.0,0.0,11.0,8.0,10.0,0.0,20.0,34.0,40.0,0.0,12.0,6.0,33.0,26.0,16.0,9.0,29.0,0.0,0.0,0.0,7.0,2.0,0.0,0.0,57.0,23.0,31.0,0.0,15.0,0.0,17.0,9.0,0.0,0.0,1.0,27.0,22.0,15.0,0.0,20.0,10.0,0.0
2021-05-01,0.0,14.0,21.0,15.0,7.0,0.0,0.0,23.0,80.0,0.0,14.0,16.0,17.0,38.0,0.0,25.0,33.0,27.0,14.0,19.0,0.0,27.0,22.0,29.0,27.0,0.0,28.0,18.0,0.0,15.0,16.0,15.0,26.0,13.0,10.0,0.0,0.0,0.0,4.0,10.0,0.0,0.0,12.0,9.0,15.0,0.0,17.0,32.0,52.0,10.0,30.0,10.0,45.0,27.0,17.0,0.0,22.0,0.0,0.0,0.0,8.0,2.0,0.0,0.0,61.0,28.0,34.0,0.0,12.0,0.0,18.0,9.0,0.0,9.0,2.0,33.0,25.0,22.0,0.0,21.0,12.0,0.0
2021-06-01,0.0,23.0,28.0,21.0,6.0,0.0,0.0,53.0,73.0,0.0,21.0,19.0,23.0,39.0,0.0,46.0,48.0,24.0,30.0,21.0,0.0,28.0,34.0,47.0,43.0,0.0,41.0,20.0,0.0,18.0,26.0,16.0,28.0,19.0,11.0,3.0,0.0,0.0,5.0,9.0,0.0,0.0,12.0,10.0,10.0,0.0,14.0,32.0,70.0,11.0,54.0,19.0,64.0,26.0,23.0,0.0,28.0,0.0,0.0,0.0,9.0,3.0,4.0,0.0,54.0,24.0,36.0,0.0,0.0,0.0,20.0,13.0,8.0,9.0,1.0,48.0,33.0,24.0,1.0,31.0,10.0,0.0
2021-07-01,0.0,18.0,26.0,25.0,14.0,0.0,0.0,35.0,88.0,0.0,24.0,28.0,21.0,36.0,0.0,44.0,53.0,31.0,24.0,26.0,0.0,33.0,31.0,44.0,31.0,0.0,46.0,21.0,0.0,14.0,28.0,17.0,29.0,23.0,20.0,4.0,0.0,0.0,4.0,9.0,0.0,0.0,16.0,9.0,12.0,0.0,16.0,39.0,70.0,15.0,48.0,25.0,64.0,24.0,25.0,12.0,34.0,0.0,0.0,0.0,13.0,3.0,0.0,0.0,59.0,32.0,39.0,0.0,0.0,13.0,20.0,11.0,6.0,13.0,1.0,43.0,37.0,31.0,0.0,26.0,12.0,0.0
2021-08-01,0.0,24.0,26.0,26.0,17.0,0.0,0.0,30.0,76.0,0.0,25.0,29.0,24.0,42.0,0.0,41.0,46.0,25.0,17.0,23.0,0.0,30.0,30.0,39.0,31.0,0.0,44.0,27.0,0.0,22.0,35.0,23.0,29.0,23.0,20.0,8.0,2.0,0.0,4.0,10.0,0.0,0.0,20.0,10.0,12.0,0.0,15.0,37.0,96.0,19.0,59.0,32.0,73.0,26.0,27.0,15.0,37.0,0.0,0.0,0.0,13.0,4.0,0.0,0.0,55.0,34.0,39.0,0.0,11.0,0.0,21.0,14.0,4.0,16.0,1.0,42.0,32.0,28.0,0.0,27.0,13.0,0.0
2021-09-01,0.0,15.0,24.0,28.0,20.0,6.0,0.0,28.0,67.0,0.0,34.0,29.0,26.0,43.0,0.0,33.0,42.0,26.0,17.0,24.0,0.0,33.0,30.0,37.0,29.0,0.0,41.0,25.0,0.0,23.0,29.0,23.0,30.0,27.0,24.0,18.0,4.0,6.0,4.0,9.0,0.0,0.0,23.0,10.0,11.0,0.0,14.0,31.0,73.0,15.0,56.0,33.0,60.0,26.0,27.0,11.0,32.0,0.0,0.0,0.0,18.0,7.0,6.0,0.0,42.0,37.0,40.0,0.0,0.0,0.0,26.0,19.0,8.0,19.0,1.0,37.0,29.0,30.0,0.0,26.0,12.0,0.0
2021-10-01,0.0,27.0,30.0,33.0,25.0,6.0,0.0,32.0,68.0,0.0,32.0,31.0,26.0,41.0,0.0,35.0,41.0,32.0,24.0,25.0,0.0,39.0,36.0,62.0,79.0,0.0,55.0,28.0,0.0,37.0,45.0,57.0,37.0,34.0,35.0,38.0,11.0,5.0,5.0,10.0,0.0,0.0,27.0,9.0,11.0,0.0,15.0,39.0,99.0,27.0,100.0,41.0,80.0,31.0,30.0,15.0,35.0,0.0,0.0,0.0,24.0,16.0,11.0,0.0,46.0,39.0,38.0,0.0,12.0,15.0,35.0,24.0,10.0,19.0,1.0,39.0,37.0,36.0,0.0,33.0,13.0,0.0
2021-11-01,0.0,20.0,23.0,28.0,22.0,12.0,0.0,36.0,65.0,0.0,33.0,28.0,32.0,38.0,0.0,40.0,41.0,46.0,16.0,25.0,0.0,34.0,33.0,52.0,54.0,0.0,40.0,26.0,0.0,31.0,32.0,31.0,34.0,27.0,25.0,27.0,15.0,11.0,5.0,10.0,0.0,0.0,19.0,9.0,11.0,0.0,14.0,39.0,83.0,15.0,62.0,28.0,79.0,35.0,27.0,17.0,45.0,0.0,0.0,0.0,19.0,19.0,14.0,0.0,40.0,33.0,39.0,0.0,14.0,0.0,29.0,23.0,6.0,16.0,1.0,33.0,28.0,30.0,1.0,31.0,12.0,0.0
2021-12-01,0.0,12.0,17.0,15.0,11.0,6.0,0.0,27.0,64.0,0.0,9.0,25.0,23.0,31.0,0.0,24.0,35.0,37.0,8.0,13.0,0.0,22.0,21.0,32.0,28.0,0.0,28.0,17.0,0.0,16.0,18.0,17.0,23.0,14.0,13.0,4.0,9.0,6.0,4.0,9.0,0.0,0.0,11.0,8.0,10.0,0.0,14.0,28.0,58.0,7.0,27.0,17.0,66.0,24.0,17.0,0.0,23.0,1.0,0.0,0.0,11.0,12.0,9.0,0.0,42.0,28.0,29.0,0.0,0.0,0.0,16.0,7.0,0.0,15.0,1.0,31.0,23.0,20.0,1.0,24.0,10.0,0.0
2022-01-01,0.0,19.0,21.0,28.0,26.0,29.0,27.0,29.0,77.0,0.0,42.0,44.0,40.0,39.0,0.0,24.0,37.0,38.0,18.0,22.0,0.0,29.0,37.0,50.0,46.0,0.0,27.0,33.0,0.0,24.0,38.0,20.0,27.0,27.0,30.0,3.0,31.0,29.0,7.0,13.0,0.0,0.0,30.0,14.0,14.0,0.0,17.0,32.0,89.0,12.0,70.0,40.0,100.0,32.0,27.0,12.0,44.0,3.0,0.0,0.0,26.0,41.0,38.0,0.0,54.0,49.0,43.0,0.0,0.0,12.0,21.0,16.0,0.0,11.0,1.0,34.0,31.0,39.0,2.0,40.0,17.0,0.0
2022-02-01,0.0,41.0,26.0,42.0,39.0,8.0,36.0,42.0,75.0,0.0,52.0,43.0,54.0,48.0,0.0,41.0,44.0,51.0,25.0,53.0,0.0,47.0,46.0,62.0,42.0,0.0,57.0,47.0,0.0,44.0,47.0,69.0,40.0,47.0,44.0,3.0,9.0,43.0,7.0,13.0,0.0,0.0,31.0,15.0,18.0,0.0,19.0,46.0,100.0,16.0,85.0,64.0,93.0,46.0,37.0,18.0,56.0,0.0,0.0,0.0,29.0,12.0,57.0,0.0,54.0,50.0,42.0,100.0,15.0,27.0,33.0,26.0,12.0,23.0,1.0,41.0,40.0,60.0,0.0,52.0,23.0,0.0
2022-03-01,0.0,29.0,29.0,48.0,50.0,0.0,53.0,42.0,78.0,0.0,57.0,54.0,54.0,58.0,0.0,48.0,47.0,65.0,27.0,43.0,0.0,53.0,51.0,64.0,46.0,0.0,56.0,47.0,0.0,43.0,55.0,57.0,39.0,45.0,55.0,5.0,0.0,17.0,7.0,14.0,0.0,0.0,32.0,16.0,20.0,0.0,26.0,49.0,96.0,16.0,64.0,77.0,81.0,54.0,45.0,23.0,65.0,1.0,0.0,0.0,26.0,3.0,20.0,1.0,55.0,57.0,56.0,0.0,15.0,19.0,40.0,31.0,9.0,26.0,1.0,57.0,50.0,63.0,1.0,52.0,20.0,0.0
2022-04-01,0.0,32.0,30.0,53.0,39.0,0.0,66.0,44.0,75.0,0.0,50.0,59.0,55.0,58.0,0.0,47.0,44.0,52.0,28.0,53.0,0.0,63.0,52.0,64.0,31.0,0.0,58.0,47.0,0.0,52.0,52.0,50.0,38.0,51.0,47.0,8.0,2.0,0.0,6.0,14.0,0.0,0.0,32.0,15.0,19.0,0.0,29.0,55.0,91.0,17.0,47.0,88.0,71.0,50.0,49.0,28.0,76.0,0.0,0.0,0.0,23.0,4.0,5.0,0.0,51.0,59.0,59.0,0.0,14.0,26.0,44.0,33.0,9.0,17.0,1.0,57.0,54.0,67.0,5.0,60.0,19.0,0.0
2022-05-01,0.0,21.0,30.0,50.0,32.0,0.0,26.0,46.0,70.0,0.0,45.0,53.0,56.0,83.0,0.0,64.0,55.0,42.0,37.0,57.0,0.0,61.0,53.0,71.0,40.0,0.0,75.0,43.0,0.0,50.0,56.0,41.0,40.0,49.0,40.0,9.0,4.0,0.0,6.0,14.0,0.0,0.0,34.0,15.0,19.0,0.0,30.0,57.0,94.0,16.0,50.0,100.0,61.0,47.0,52.0,30.0,78.0,0.0,0.0,0.0,22.0,5.0,3.0,0.0,46.0,59.0,63.0,0.0,18.0,25.0,44.0,36.0,11.0,29.0,1.0,73.0,53.0,71.0,11.0,59.0,18.0,0.0
2022-06-01,0.0,19.0,32.0,53.0,27.0,0.0,0.0,50.0,70.0,0.0,46.0,63.0,60.0,72.0,0.0,65.0,60.0,40.0,38.0,54.0,0.0,56.0,58.0,73.0,36.0,0.0,62.0,43.0,0.0,35.0,59.0,34.0,35.0,47.0,36.0,12.0,4.0,0.0,7.0,13.0,0.0,0.0,33.0,15.0,18.0,0.0,24.0,55.0,76.0,11.0,32.0,57.0,30.0,46.0,57.0,36.0,78.0,2.0,0.0,0.0,24.0,6.0,6.0,0.0,48.0,58.0,60.0,0.0,14.0,21.0,35.0,32.0,9.0,19.0,1.0,68.0,56.0,62.0,100.0,57.0,17.0,0.0
2022-07-01,0.0,21.0,37.0,53.0,40.0,7.0,0.0,48.0,81.0,0.0,50.0,60.0,70.0,69.0,0.0,65.0,59.0,60.0,30.0,54.0,0.0,54.0,62.0,68.0,29.0,0.0,69.0,42.0,0.0,31.0,57.0,33.0,37.0,48.0,50.0,18.0,8.0,5.0,7.0,14.0,0.0,0.0,34.0,14.0,17.0,0.0,29.0,51.0,64.0,7.0,18.0,45.0,21.0,47.0,66.0,41.0,69.0,1.0,0.0,0.0,29.0,9.0,10.0,0.0,53.0,59.0,60.0,0.0,18.0,25.0,33.0,28.0,10.0,26.0,1.0,73.0,62.0,62.0,1.0,59.0,18.0,0.0
2022-08-01,0.0,28.0,37.0,53.0,36.0,4.0,0.0,44.0,80.0,0.0,60.0,76.0,65.0,77.0,0.0,62.0,58.0,44.0,31.0,57.0,0.0,55.0,56.0,64.0,33.0,0.0,80.0,42.0,0.0,41.0,51.0,39.0,42.0,45.0,46.0,22.0,8.0,9.0,5.0,13.0,0.0,0.0,35.0,14.0,17.0,0.0,23.0,52.0,61.0,9.0,15.0,48.0,16.0,49.0,57.0,28.0,81.0,0.0,0.0,0.0,28.0,12.0,12.0,0.0,46.0,65.0,60.0,0.0,25.0,20.0,42.0,36.0,10.0,32.0,1.0,60.0,59.0,60.0,1.0,56.0,17.0,0.0
2022-09-01,0.0,27.0,28.0,51.0,42.0,8.0,0.0,45.0,72.0,0.0,56.0,62.0,64.0,70.0,1.0,61.0,49.0,54.0,26.0,57.0,0.0,60.0,50.0,56.0,28.0,0.0,66.0,40.0,0.0,50.0,46.0,43.0,39.0,50.0,55.0,42.0,13.0,11.0,6.0,13.0,0.0,0.0,30.0,14.0,19.0,0.0,21.0,60.0,62.0,10.0,22.0,46.0,17.0,45.0,57.0,36.0,71.0,1.0,0.0,0.0,32.0,19.0,17.0,0.0,47.0,59.0,56.0,0.0,23.0,26.0,46.0,36.0,8.0,33.0,1.0,50.0,55.0,66.0,2.0,53.0,18.0,0.0
2022-10-01,0.0,24.0,27.0,56.0,59.0,18.0,13.0,49.0,73.0,0.0,63.0,65.0,63.0,72.0,0.0,59.0,49.0,65.0,27.0,59.0,0.0,72.0,51.0,63.0,30.0,0.0,59.0,44.0,0.0,53.0,47.0,41.0,43.0,52.0,61.0,61.0,20.0,16.0,5.0,14.0,0.0,0.0,36.0,15.0,19.0,0.0,24.0,63.0,61.0,12.0,16.0,39.0,14.0,38.0,58.0,42.0,89.0,0.0,0.0,0.0,36.0,27.0,24.0,0.0,50.0,67.0,64.0,0.0,23.0,36.0,52.0,44.0,12.0,36.0,1.0,56.0,58.0,67.0,4.0,59.0,17.0,0.0
2022-11-01,0.0,31.0,28.0,53.0,57.0,26.0,22.0,47.0,69.0,4.0,54.0,53.0,65.0,66.0,3.0,54.0,43.0,67.0,29.0,58.0,0.0,64.0,56.0,62.0,30.0,1.0,56.0,44.0,0.0,50.0,50.0,41.0,41.0,57.0,59.0,68.0,25.0,22.0,15.0,21.0,0.0,0.0,34.0,23.0,24.0,1.0,31.0,66.0,55.0,7.0,17.0,22.0,7.0,50.0,58.0,42.0,81.0,10.0,1.0,1.0,38.0,36.0,28.0,17.0,47.0,57.0,65.0,0.0,13.0,21.0,46.0,42.0,8.0,35.0,4.0,53.0,53.0,67.0,27.0,62.0,25.0,0.0
2022-12-01,0.0,35.0,29.0,64.0,67.0,39.0,29.0,100.0,81.0,100.0,61.0,78.0,82.0,78.0,24.0,62.0,41.0,94.0,33.0,64.0,0.0,75.0,94.0,91.0,37.0,100.0,60.0,86.0,0.0,48.0,100.0,46.0,42.0,65.0,68.0,29.0,41.0,31.0,100.0,100.0,0.0,0.0,44.0,100.0,92.0,100.0,100.0,93.0,71.0,8.0,23.0,26.0,9.0,57.0,80.0,56.0,100.0,100.0,100.0,100.0,100.0,58.0,44.0,100.0,47.0,99.0,90.0,0.0,20.0,25.0,43.0,42.0,9.0,22.0,100.0,59.0,59.0,100.0,34.0,92.0,97.0,0.0
2023-01-01,38.0,32.0,36.0,81.0,68.0,58.0,57.0,53.0,84.0,1.0,79.0,100.0,95.0,83.0,1.0,61.0,52.0,76.0,38.0,79.0,0.0,75.0,75.0,90.0,45.0,1.0,75.0,67.0,0.0,70.0,80.0,47.0,52.0,73.0,71.0,10.0,66.0,58.0,8.0,18.0,0.0,0.0,59.0,18.0,22.0,1.0,26.0,70.0,70.0,12.0,18.0,23.0,9.0,65.0,72.0,57.0,96.0,1.0,1.0,1.0,48.0,76.0,80.0,1.0,51.0,95.0,77.0,0.0,31.0,35.0,64.0,59.0,13.0,29.0,2.0,74.0,68.0,97.0,3.0,88.0,22.0,0.0
2023-02-01,0.0,32.0,30.0,65.0,76.0,15.0,41.0,48.0,83.0,1.0,70.0,73.0,81.0,76.0,2.0,64.0,50.0,87.0,34.0,71.0,1.0,80.0,66.0,79.0,32.0,1.0,68.0,54.0,0.0,66.0,66.0,73.0,39.0,61.0,72.0,6.0,17.0,51.0,7.0,17.0,0.0,0.0,43.0,17.0,23.0,1.0,28.0,75.0,64.0,12.0,12.0,17.0,6.0,62.0,65.0,45.0,84.0,1.0,0.0,0.0,38.0,24.0,65.0,1.0,39.0,75.0,79.0,0.0,34.0,40.0,56.0,58.0,12.0,35.0,2.0,72.0,69.0,81.0,2.0,72.0,21.0,0.0
2023-03-01,0.0,31.0,27.0,57.0,53.0,5.0,47.0,50.0,78.0,4.0,57.0,60.0,70.0,85.0,100.0,69.0,45.0,55.0,33.0,73.0,0.0,78.0,66.0,75.0,34.0,1.0,62.0,57.0,1.0,62.0,58.0,51.0,38.0,59.0,56.0,8.0,5.0,17.0,12.0,18.0,0.0,0.0,41.0,17.0,21.0,1.0,43.0,69.0,61.0,6.0,17.0,17.0,5.0,59.0,62.0,47.0,78.0,7.0,0.0,1.0,36.0,6.0,23.0,1.0,40.0,66.0,72.0,0.0,38.0,30.0,53.0,55.0,9.0,33.0,3.0,57.0,67.0,73.0,5.0,69.0,21.0,0.0
2023-04-01,0.0,31.0,25.0,52.0,42.0,4.0,39.0,48.0,77.0,1.0,56.0,68.0,72.0,85.0,3.0,61.0,46.0,56.0,37.0,71.0,0.0,75.0,66.0,77.0,33.0,0.0,65.0,55.0,0.0,53.0,67.0,38.0,35.0,54.0,57.0,11.0,4.0,5.0,7.0,17.0,0.0,0.0,42.0,17.0,22.0,1.0,49.0,69.0,57.0,6.0,14.0,15.0,4.0,53.0,66.0,45.0,75.0,1.0,0.0,0.0,27.0,7.0,7.0,0.0,40.0,65.0,71.0,0.0,21.0,37.0,48.0,47.0,9.0,38.0,2.0,60.0,70.0,72.0,2.0,65.0,20.0,0.0
2023-05-01,0.0,21.0,22.0,52.0,34.0,6.0,17.0,50.0,72.0,0.0,48.0,62.0,72.0,80.0,1.0,77.0,53.0,58.0,35.0,66.0,0.0,71.0,68.0,70.0,29.0,0.0,68.0,46.0,0.0,47.0,55.0,40.0,35.0,56.0,59.0,13.0,4.0,4.0,7.0,18.0,0.0,0.0,36.0,18.0,19.0,1.0,31.0,68.0,52.0,0.0,11.0,10.0,4.0,52.0,68.0,52.0,73.0,1.0,0.0,0.0,29.0,8.0,10.0,0.0,43.0,60.0,76.0,1.0,30.0,26.0,46.0,40.0,6.0,39.0,1.0,67.0,67.0,65.0,2.0,63.0,20.0,0.0
2023-06-01,33.0,17.0,21.0,49.0,33.0,0.0,0.0,49.0,83.0,1.0,50.0,63.0,76.0,74.0,2.0,72.0,50.0,56.0,33.0,56.0,0.0,58.0,72.0,69.0,23.0,0.0,57.0,45.0,0.0,36.0,55.0,33.0,29.0,51.0,47.0,19.0,8.0,7.0,8.0,15.0,0.0,0.0,39.0,15.0,19.0,1.0,33.0,71.0,51.0,6.0,11.0,10.0,0.0,57.0,68.0,45.0,67.0,2.0,0.0,0.0,29.0,10.0,9.0,1.0,47.0,62.0,66.0,0.0,18.0,18.0,35.0,36.0,6.0,29.0,2.0,69.0,67.0,68.0,3.0,64.0,17.0,0.0
2023-07-01,0.0,35.0,26.0,54.0,38.0,6.0,0.0,53.0,81.0,1.0,54.0,68.0,69.0,71.0,1.0,77.0,59.0,54.0,35.0,69.0,0.0,63.0,71.0,75.0,26.0,0.0,67.0,53.0,0.0,38.0,58.0,35.0,34.0,58.0,51.0,22.0,8.0,10.0,8.0,15.0,0.0,0.0,43.0,16.0,18.0,1.0,30.0,74.0,54.0,6.0,8.0,12.0,2.0,59.0,67.0,50.0,72.0,1.0,0.0,0.0,33.0,13.0,12.0,1.0,42.0,70.0,70.0,0.0,18.0,26.0,39.0,35.0,8.0,39.0,2.0,86.0,77.0,64.0,3.0,66.0,18.0,0.0
2023-08-01,0.0,31.0,30.0,57.0,59.0,5.0,0.0,54.0,78.0,0.0,54.0,68.0,71.0,66.0,1.0,68.0,57.0,62.0,28.0,63.0,0.0,64.0,70.0,67.0,30.0,2.0,75.0,50.0,0.0,42.0,55.0,37.0,36.0,56.0,60.0,31.0,12.0,10.0,8.0,16.0,0.0,0.0,42.0,17.0,18.0,1.0,29.0,62.0,54.0,7.0,12.0,9.0,0.0,54.0,73.0,49.0,67.0,2.0,2.0,0.0,34.0,19.0,18.0,3.0,48.0,65.0,71.0,0.0,22.0,25.0,45.0,40.0,8.0,60.0,1.0,68.0,72.0,62.0,3.0,65.0,19.0,0.0
2023-09-01,0.0,25.0,22.0,76.0,39.0,10.0,16.0,61.0,78.0,9.0,39.0,57.0,49.0,80.0,3.0,70.0,45.0,61.0,20.0,72.0,100.0,83.0,68.0,67.0,32.0,0.0,63.0,84.0,0.0,50.0,51.0,41.0,35.0,100.0,49.0,26.0,10.0,10.0,17.0,29.0,100.0,100.0,33.0,23.0,100.0,1.0,36.0,62.0,75.0,60.0,17.0,8.0,5.0,47.0,68.0,53.0,58.0,2.0,0.0,0.0,49.0,18.0,16.0,1.0,46.0,66.0,90.0,0.0,27.0,32.0,46.0,50.0,6.0,35.0,2.0,50.0,79.0,63.0,3.0,64.0,100.0,0.0
2023-10-01,0.0,22.0,22.0,53.0,65.0,16.0,0.0,42.0,70.0,1.0,44.0,53.0,48.0,58.0,1.0,65.0,44.0,87.0,20.0,59.0,6.0,65.0,54.0,54.0,21.0,0.0,47.0,78.0,0.0,43.0,48.0,37.0,29.0,53.0,58.0,49.0,17.0,12.0,7.0,17.0,10.0,3.0,29.0,17.0,20.0,1.0,29.0,64.0,60.0,21.0,14.0,8.0,3.0,39.0,64.0,43.0,60.0,1.0,0.0,0.0,34.0,23.0,21.0,1.0,36.0,56.0,71.0,0.0,26.0,24.0,38.0,36.0,6.0,40.0,1.0,45.0,61.0,56.0,6.0,52.0,19.0,0.0
2023-11-01,0.0,20.0,22.0,53.0,62.0,27.0,20.0,44.0,79.0,1.0,46.0,54.0,56.0,72.0,1.0,58.0,44.0,76.0,22.0,52.0,3.0,58.0,54.0,56.0,21.0,0.0,48.0,64.0,0.0,47.0,48.0,47.0,30.0,53.0,65.0,74.0,29.0,16.0,7.0,17.0,4.0,1.0,29.0,16.0,18.0,1.0,28.0,52.0,49.0,11.0,15.0,6.0,0.0,40.0,67.0,47.0,73.0,1.0,0.0,0.0,34.0,36.0,29.0,1.0,40.0,60.0,65.0,0.0,24.0,22.0,42.0,41.0,10.0,34.0,1.0,49.0,56.0,52.0,3.0,61.0,19.0,0.0
2023-12-01,0.0,26.0,25.0,59.0,65.0,35.0,20.0,44.0,77.0,0.0,47.0,58.0,63.0,62.0,0.0,67.0,48.0,78.0,27.0,57.0,2.0,60.0,62.0,60.0,23.0,0.0,54.0,54.0,0.0,44.0,54.0,44.0,32.0,56.0,64.0,28.0,41.0,26.0,7.0,17.0,3.0,0.0,30.0,16.0,18.0,1.0,27.0,53.0,49.0,7.0,13.0,7.0,2.0,49.0,68.0,58.0,76.0,0.0,0.0,0.0,34.0,48.0,37.0,0.0,40.0,62.0,61.0,0.0,20.0,27.0,40.0,42.0,9.0,40.0,1.0,47.0,60.0,63.0,1.0,65.0,20.0,0.0
2024-01-01,50.0,35.0,36.0,84.0,84.0,60.0,64.0,52.0,82.0,0.0,72.0,80.0,100.0,76.0,0.0,69.0,49.0,77.0,35.0,68.0,2.0,63.0,80.0,85.0,37.0,0.0,67.0,87.0,0.0,65.0,67.0,49.0,43.0,72.0,78.0,13.0,66.0,66.0,12.0,17.0,3.0,0.0,57.0,20.0,22.0,1.0,29.0,73.0,67.0,17.0,20.0,10.0,0.0,79.0,78.0,73.0,82.0,5.0,0.0,0.0,50.0,79.0,96.0,1.0,43.0,85.0,75.0,0.0,29.0,22.0,63.0,61.0,9.0,67.0,2.0,75.0,77.0,77.0,1.0,85.0,23.0,0.0
2024-02-01,0.0,31.0,34.0,75.0,67.0,14.0,79.0,47.0,71.0,0.0,66.0,78.0,77.0,75.0,0.0,70.0,49.0,85.0,31.0,67.0,1.0,73.0,73.0,77.0,31.0,0.0,73.0,80.0,0.0,73.0,64.0,49.0,42.0,68.0,70.0,9.0,19.0,55.0,8.0,18.0,2.0,0.0,41.0,18.0,22.0,1.0,26.0,70.0,61.0,14.0,13.0,9.0,0.0,67.0,74.0,81.0,78.0,0.0,0.0,0.0,37.0,21.0,71.0,0.0,43.0,81.0,78.0,0.0,25.0,30.0,66.0,59.0,15.0,93.0,1.0,70.0,75.0,79.0,1.0,75.0,23.0,0.0
2024-03-01,0.0,34.0,34.0,77.0,81.0,0.0,100.0,48.0,72.0,1.0,72.0,64.0,73.0,83.0,1.0,69.0,41.0,94.0,28.0,72.0,1.0,72.0,73.0,72.0,27.0,0.0,67.0,79.0,0.0,69.0,66.0,47.0,41.0,73.0,77.0,11.0,6.0,25.0,7.0,18.0,1.0,0.0,41.0,18.0,21.0,1.0,40.0,68.0,63.0,15.0,14.0,9.0,0.0,67.0,85.0,77.0,86.0,1.0,0.0,0.0,36.0,6.0,31.0,0.0,43.0,69.0,76.0,0.0,16.0,31.0,66.0,58.0,12.0,81.0,2.0,69.0,76.0,74.0,2.0,72.0,20.0,13.0
2024-04-01,0.0,35.0,33.0,71.0,57.0,0.0,74.0,50.0,63.0,0.0,55.0,59.0,76.0,80.0,0.0,76.0,48.0,74.0,29.0,66.0,1.0,68.0,74.0,70.0,27.0,0.0,78.0,82.0,0.0,57.0,60.0,43.0,39.0,66.0,62.0,11.0,3.0,6.0,7.0,17.0,2.0,0.0,39.0,16.0,23.0,0.0,38.0,63.0,73.0,62.0,16.0,10.0,2.0,60.0,81.0,73.0,76.0,1.0,0.0,0.0,32.0,6.0,7.0,0.0,39.0,73.0,77.0,0.0,28.0,22.0,55.0,58.0,10.0,94.0,1.0,68.0,80.0,75.0,1.0,72.0,20.0,30.0
2024-05-01,0.0,35.0,36.0,75.0,48.0,5.0,32.0,52.0,71.0,0.0,70.0,62.0,73.0,79.0,0.0,75.0,53.0,57.0,30.0,64.0,1.0,71.0,77.0,67.0,22.0,0.0,78.0,63.0,0.0,55.0,58.0,49.0,42.0,66.0,53.0,16.0,7.0,5.0,7.0,17.0,1.0,0.0,38.0,15.0,22.0,0.0,30.0,68.0,60.0,15.0,19.0,8.0,0.0,54.0,87.0,73.0,80.0,0.0,0.0,0.0,29.0,9.0,11.0,0.0,40.0,64.0,83.0,0.0,25.0,24.0,50.0,45.0,9.0,100.0,1.0,74.0,80.0,68.0,1.0,72.0,19.0,26.0
2024-06-01,0.0,21.0,33.0,71.0,47.0,7.0,0.0,47.0,72.0,1.0,48.0,63.0,73.0,67.0,0.0,73.0,47.0,53.0,27.0,63.0,1.0,61.0,79.0,70.0,23.0,0.0,67.0,61.0,0.0,34.0,58.0,33.0,35.0,59.0,52.0,24.0,7.0,10.0,8.0,16.0,1.0,0.0,41.0,14.0,17.0,1.0,31.0,70.0,54.0,10.0,12.0,6.0,0.0,54.0,79.0,70.0,72.0,1.0,0.0,0.0,34.0,13.0,14.0,1.0,40.0,65.0,72.0,0.0,14.0,16.0,37.0,36.0,0.0,88.0,2.0,72.0,75.0,62.0,2.0,66.0,18.0,29.0
2024-07-01,0.0,30.0,41.0,74.0,54.0,10.0,0.0,54.0,76.0,41.0,49.0,68.0,78.0,66.0,1.0,77.0,59.0,59.0,34.0,63.0,1.0,57.0,81.0,73.0,26.0,0.0,69.0,59.0,0.0,39.0,62.0,33.0,36.0,61.0,61.0,30.0,9.0,9.0,10.0,16.0,1.0,0.0,40.0,15.0,17.0,1.0,32.0,74.0,57.0,12.0,16.0,12.0,0.0,59.0,80.0,60.0,83.0,4.0,0.0,0.0,36.0,16.0,14.0,0.0,45.0,68.0,76.0,0.0,11.0,12.0,39.0,31.0,10.0,92.0,2.0,77.0,79.0,73.0,12.0,71.0,19.0,43.0
2024-08-01,0.0,22.0,42.0,78.0,56.0,15.0,17.0,50.0,76.0,1.0,57.0,71.0,71.0,66.0,0.0,82.0,57.0,53.0,26.0,60.0,1.0,62.0,76.0,72.0,30.0,1.0,75.0,62.0,0.0,41.0,59.0,38.0,39.0,61.0,64.0,51.0,15.0,10.0,9.0,17.0,1.0,0.0,40.0,15.0,20.0,0.0,32.0,68.0,60.0,17.0,14.0,6.0,0.0,62.0,87.0,58.0,87.0,2.0,0.0,0.0,35.0,19.0,15.0,0.0,49.0,74.0,73.0,0.0,26.0,26.0,46.0,45.0,12.0,85.0,8.0,83.0,76.0,72.0,76.0,73.0,19.0,49.0
2024-09-01,39.0,36.0,36.0,83.0,77.0,22.0,23.0,51.0,73.0,0.0,71.0,70.0,76.0,72.0,1.0,78.0,48.0,60.0,26.0,72.0,1.0,75.0,73.0,73.0,26.0,0.0,69.0,72.0,0.0,57.0,59.0,41.0,42.0,72.0,72.0,70.0,22.0,19.0,8.0,16.0,2.0,0.0,42.0,16.0,19.0,1.0,31.0,81.0,64.0,14.0,20.0,5.0,0.0,60.0,87.0,70.0,87.0,1.0,0.0,0.0,43.0,29.0,27.0,1.0,47.0,73.0,73.0,0.0,40.0,37.0,58.0,61.0,0.0,78.0,2.0,82.0,85.0,74.0,3.0,74.0,20.0,63.0
2024-10-01,0.0,44.0,32.0,82.0,90.0,24.0,21.0,47.0,70.0,0.0,67.0,78.0,79.0,91.0,0.0,74.0,47.0,94.0,29.0,68.0,1.0,76.0,72.0,74.0,33.0,0.0,66.0,87.0,1.0,60.0,62.0,47.0,46.0,70.0,94.0,91.0,26.0,25.0,8.0,16.0,1.0,0.0,38.0,16.0,21.0,1.0,31.0,85.0,79.0,32.0,22.0,5.0,0.0,67.0,86.0,67.0,79.0,1.0,0.0,0.0,53.0,34.0,34.0,0.0,41.0,78.0,76.0,0.0,28.0,33.0,59.0,52.0,9.0,73.0,2.0,81.0,86.0,76.0,2.0,80.0,24.0,60.0
2024-11-01,0.0,33.0,36.0,84.0,100.0,41.0,27.0,51.0,74.0,0.0,63.0,69.0,75.0,72.0,0.0,71.0,43.0,85.0,27.0,68.0,1.0,73.0,75.0,73.0,32.0,0.0,61.0,76.0,0.0,65.0,62.0,50.0,43.0,76.0,89.0,100.0,43.0,26.0,8.0,16.0,1.0,0.0,36.0,18.0,22.0,1.0,32.0,79.0,65.0,16.0,18.0,8.0,0.0,70.0,88.0,92.0,87.0,1.0,0.0,0.0,47.0,49.0,35.0,0.0,52.0,75.0,79.0,0.0,23.0,29.0,54.0,54.0,8.0,75.0,2.0,67.0,75.0,75.0,2.0,77.0,25.0,74.0
2024-12-01,0.0,40.0,40.0,81.0,96.0,62.0,41.0,50.0,81.0,0.0,71.0,71.0,84.0,79.0,0.0,77.0,46.0,82.0,27.0,61.0,0.0,75.0,78.0,77.0,32.0,0.0,61.0,72.0,4.0,53.0,80.0,46.0,45.0,72.0,83.0,42.0,60.0,42.0,7.0,15.0,1.0,0.0,35.0,16.0,20.0,0.0,30.0,92.0,68.0,15.0,16.0,9.0,0.0,71.0,89.0,85.0,75.0,0.0,0.0,0.0,45.0,69.0,51.0,0.0,55.0,75.0,75.0,0.0,20.0,23.0,48.0,55.0,11.0,64.0,1.0,68.0,71.0,72.0,1.0,82.0,21.0,67.0
2025-01-01,0.0,44.0,48.0,100.0,100.0,100.0,94.0,57.0,80.0,0.0,100.0,92.0,100.0,83.0,0.0,85.0,48.0,80.0,37.0,68.0,1.0,81.0,100.0,100.0,43.0,0.0,68.0,100.0,100.0,68.0,90.0,48.0,56.0,86.0,100.0,15.0,100.0,100.0,8.0,17.0,1.0,0.0,56.0,16.0,24.0,1.0,31.0,94.0,93.0,15.0,23.0,10.0,0.0,100.0,100.0,99.0,79.0,0.0,0.0,0.0,59.0,100.0,100.0,0.0,58.0,100.0,83.0,0.0,28.0,36.0,69.0,75.0,11.0,71.0,1.0,97.0,81.0,89.0,6.0,100.0,25.0,65.0
2025-02-01,0.0,42.0,37.0,90.0,94.0,32.0,72.0,53.0,76.0,0.0,74.0,90.0,89.0,77.0,0.0,79.0,47.0,77.0,30.0,72.0,2.0,78.0,86.0,86.0,36.0,0.0,68.0,90.0,0.0,66.0,72.0,36.0,45.0,83.0,92.0,9.0,23.0,73.0,8.0,16.0,1.0,0.0,42.0,17.0,23.0,0.0,37.0,100.0,73.0,17.0,20.0,6.0,0.0,85.0,85.0,86.0,79.0,0.0,0.0,0.0,48.0,33.0,81.0,0.0,59.0,87.0,85.0,0.0,29.0,38.0,64.0,71.0,12.0,71.0,1.0,89.0,86.0,80.0,1.0,83.0,23.0,86.0
2025-03-01,0.0,37.0,33.0,84.0,97.0,4.0,79.0,50.0,78.0,1.0,80.0,74.0,84.0,75.0,0.0,76.0,40.0,100.0,29.0,68.0,1.0,90.0,83.0,80.0,28.0,0.0,60.0,79.0,0.0,68.0,66.0,40.0,44.0,78.0,89.0,9.0,5.0,31.0,8.0,18.0,1.0,0.0,37.0,16.0,23.0,0.0,41.0,83.0,70.0,12.0,16.0,10.0,0.0,76.0,91.0,100.0,72.0,1.0,0.0,0.0,40.0,5.0,28.0,1.0,66.0,78.0,92.0,0.0,20.0,29.0,56.0,60.0,11.0,78.0,1.0,79.0,77.0,80.0,1.0,82.0,21.0,100.0
2025-04-01,0.0,30.0,29.0,77.0,65.0,0.0,94.0,52.0,80.0,0.0,62.0,71.0,82.0,78.0,0.0,91.0,46.0,73.0,27.0,73.0,1.0,89.0,83.0,76.0,29.0,0.0,70.0,75.0,0.0,50.0,66.0,40.0,43.0,73.0,70.0,12.0,5.0,9.0,7.0,17.0,1.0,0.0,34.0,16.0,20.0,0.0,39.0,80.0,64.0,13.0,13.0,7.0,0.0,62.0,92.0,79.0,74.0,0.0,0.0,0.0,31.0,9.0,8.0,0.0,77.0,76.0,93.0,0.0,24.0,31.0,48.0,59.0,9.0,85.0,1.0,89.0,94.0,73.0,1.0,77.0,20.0,85.0
2025-05-01,0.0,27.0,30.0,76.0,48.0,8.0,18.0,53.0,82.0,0.0,57.0,69.0,85.0,72.0,0.0,90.0,48.0,54.0,30.0,66.0,1.0,78.0,82.0,80.0,32.0,0.0,64.0,65.0,0.0,53.0,62.0,40.0,37.0,73.0,55.0,15.0,5.0,5.0,8.0,16.0,1.0,0.0,35.0,16.0,20.0,0.0,33.0,83.0,61.0,11.0,15.0,8.0,0.0,59.0,86.0,96.0,65.0,1.0,0.0,0.0,32.0,10.0,14.0,0.0,78.0,70.0,100.0,0.0,26.0,26.0,46.0,47.0,6.0,85.0,1.0,87.0,93.0,74.0,1.0,75.0,19.0,82.0
2025-06-01,0.0,37.0,35.0,85.0,56.0,5.0,0.0,65.0,85.0,0.0,57.0,69.0,75.0,66.0,0.0,100.0,51.0,68.0,31.0,56.0,0.0,77.0,95.0,82.0,33.0,0.0,58.0,92.0,2.0,39.0,61.0,29.0,37.0,61.0,56.0,17.0,7.0,9.0,9.0,17.0,0.0,0.0,35.0,18.0,20.0,0.0,35.0,79.0,73.0,22.0,19.0,13.0,0.0,67.0,86.0,84.0,88.0,1.0,0.0,0.0,34.0,10.0,15.0,1.0,100.0,72.0,91.0,0.0,0.0,19.0,40.0,42.0,8.0,76.0,2.0,97.0,100.0,68.0,2.0,76.0,22.0,68.0
